-- *****************************************************
-- Entidad Registro de Banco [BANC]
-- *****************************************************

INSERT INTO `banco` (`BANCCODIGO`, `BANCDESCRIPCION`, `ESTCODIGO`) VALUES 
(1,'A FAVOR DEL CLIENTE',6),
(2,'BANEX',6),
(3,'BANKBOSTON, N.A. SUC.PERU',6),
(4,'BIF',6),
(5,'BOLETA DE CLIENTE',6),
(6,'CANJE',6),
(7,'CHARLESTON FINANCIAL',6),
(8,'CITIBANK',6),
(9,'COMERCIO',6),
(10,'CONTINENTAL',6),
(11,'DE CREDITO',6),
(12,'DE LA NACION',6),
(13,'DEL PAIS',6),
(14,'DEL PROGRESO',6),
(15,'DEL SUR',6),
(16,'DEL TRABAJO',6),
(17,'DEPOSITO BANCO',6),
(18,'DEPOSITO EN EFECTIVO',6),
(19,'EXTEBANDES',6),
(20,'FINANCIERO DEL PERU',6),
(21,'HSBC BANK PERU',6),
(22,'INTERAMERICANO DE FINANZA',6),
(23,'INTERBANK',6),
(24,'LATINO',6),
(25,'LIQUIDACION DEL BANCO',6),
(26,'NBK BANK',6),
(27,'NORKBANK',6),
(28,'NOTA DE CREDITO',6),
(29,'NOTA DE DEDITO',6),
(30,'NUEVO MUNDO',6),
(31,'ORION CORPORACION DE CREDITO',6),
(32,'REPUBLICA',6),
(33,'SANTANDER',6),
(34,'SANTANDER CENTRAL HISPANO',6),
(35,'SCOTIABANK',6),
(36,'SERBANCO',6),
(37,'STANDARD CHARTERED',6),
(38,'SUD AMERICANO',6),
(39,'THE CHASE MANHATTAN BANK',6),
(40,'WIESE SUDAMERIS',6),
(41,'DE LIMA',7),
(42,'WIESE',7);

-- *****************************************************
-- Entidad Registro de Empresa [EMP]
-- *****************************************************

INSERT INTO `empresa` (`EMPCODIGO`,`EMPDESCRIPCION`,`EMPRUC`,`EMPDOMICILIO`,`EMPTELEFONO1`,`EMPTELEFONO2`,`EMPFAX`,`ESTCODIGO`,`EMPNUM_FACTURA`,`EMPSERIE_FACTURA`,`EMPNUM_BOLETA`,`EMPSERIE_BOLETA`,`EMPORDEN_SERVICIO`,`EMPLETRA`,`EMPNOTA_DEBITO` ,`EMPSERIE_NOTA_DEBITO`,`EMPNOTA_CREDITO`,`EMPSERIE_NOTA_CREDITO`,`EMPNUM_GUIA`,`EMPSERIE_GUIA`,`EMPCAJA_CHICA`,`EMPCAJA_GRANDE` ) VALUES 
('CT','COMPUTEXTOS S.A.C',10084130,'Av. Arequipa 1583 Lince',4728099,2657170,4711398,4,800,1,7968,1,4743,6781,634,1,528,1,99102,1,57294,61),
('CV','COMPUVIAJES S.A.C.',12054481,'Av. Arequipa 1577 Lince',4711398,'',4711398,4,2116,1,374,1,0,16,113,1,55,1,25,1,73,0),
('ED','EDITORIAL E IMPRENTA DESA',10069459,'Jr. General Varela 1577',4249566,'',4249566,4,11986,1,557,1,0,168,189,1,209,1,13960,1,2123,0),
('ER','EDICIONES REALES S.R.L.',10178444,'Av. Arequipa 1583 Lince',4728099,'',4711398,4,58260,1,1625,1,1749,1336,381,1,159,1,7313,1,1872,2),
('GR','GRAFICA REAL DEL PERU S.A',10209943,'Av. Arequipa 1583 Lince',4728099,'',4711398,4,8726,3,35,3,15,572,57,3,62,3,8671,1,3647,2),
('JH','JRL HOLDING SAC',20551520,'Av. Arequipa 1583',4728099,'','',4,667,0,1,0,0,0,0,0,0,0,1,0,1783,0),
('RO','REY OLAFF',10110144,'Av. Arequipa 1583 Lince',4728099,'',4711398,4,1678,1,68,1,224,1,0,1,0,1,34,1,2,0);


-- *****************************************************
-- Entidad Registro de Maquina [MAQUI]
-- *****************************************************

INSERT INTO `maquina` (`MAQUICODIGO`,`MAQUINOMBRE`,`MAQUIDESCRIPCION`,`MAQUICOSTO_HORA`,`AREAMAQCODIGO`,`ESTCODIGO`) VALUES 
('MQ01','ADAST-BARNIZADORA','',12.87,'TIM01',10),
('MQ02','BARNIZADOORA-33','',7.3,'TIM01',10),
('MQ03','COLOR1000-NUMERADO','',7.19,'TIM08',10),
('MQ04','COLOR1000-PRUEBAS','',7.19,'TIM10',10),
('MQ05','CONTRAPLACADORA','',7.19,'TIM02',10),
('MQ06','CTP1','',7.19,'TIM10',10),
('MQ07','CTP2','',7.19,'TIM10',10),
('MQ08','DOBLADORA-BONELLI','',6.26,'TIM04',10),
('MQ09','DOBLADORA-HORIZON','',9.26,'TIM04',10),
('MQ10','DOBLADORA-STHAL 1','',6.26,'TIM04',10),
('MQ11','DOBLADORA-STHAL 2','',6.26,'TIM04',10),
('MQ12','ENCOLADORA-PONY','',11.44,'TIM05',10),
('MQ13','ENGRAPADORA-HONNER','',3.18,'TIM06',10),
('MQ14','ENGRAPADORA-JMD','',6.26,'TIM06',10),
('MQ15','GTO','',12.87,'TIM07',10),
('MQ16','GTO-DESA','',5.22,'TIM08',10),
('MQ17','GUILLOTINA-PIVANO','',7.33,'TIM03',10),
('MQ18','GUILLOTINA-POLAR92','',5.97,'TIM03',10),
('MQ19','GUILLOTINA-WOLHEMBER','',7.33,'TIM03',10),
('MQ20','INVICTA38','',7.33,'TIM07',10),
('MQ21','KBA','',12.87,'TIM07',10),
('MQ22','LAMINADORA-IMAX','',12.87,'TIM12',10),
('MQ23','NUVERA1-NUMERADO','',7.19,'TIM08',10),
('MQ24','NUVERA1-PRUEBAS','',7.19,'TIM10',10),
('MQ25','NUVERA2-NUMERADO','',7.19,'TIM08',10),
('MQ26','NUVERA2-PRUEBAS','',7.19,'TIM10',10),
('MQ27','PLASTIFICADORA-CHINA','',7.38,'TIM09',10),
('MQ28','PLASTIFICADORA-LCH','',4.62,'TIM09',10),
('MQ29','ROLAND700','',40,'TIM07',10),
('MQ30','SPEED','',22.49,'TIM07',10),
('MQ31','TROQUELADORA-ATENA','',6.2,'TIM11',10),
('MQ32','TROQUELADORA-PLANA','',6.26,'TIM11',10),
('MQ33','TROQUELADORA-WZ-AOER','',6.26,'TIM11',10);


-- *****************************************************
-- Entidad Registro de Usuario [USUA]
-- *****************************************************



INSERT INTO `usuario` (`USUACODIGO`, `USUAUSUARIO`, `USUAPASSWORD`, `USUANIVEL`) VALUES
('NA06', 'narbieto', '06126044', 6),
('RA07', 'razcona', '07625420', 6),
('BB07', 'bbalvin', '07302133', 6),
('DB40', 'dbarboza', '40060610', 6),
('LB40', 'lbarron', '40384790', 6),
('CB73', 'cbarzola', '73443243', 1),
('CB43', 'cbecerra', '43825570', 6),
('PB73', 'pbecerra', '73473773', 6),
('RC07', 'rcampos', '07044860', 7),
('AC08', 'acastillo', '08484266', 6),
('RC09', 'rchavez', '09901958', 6),
('NC10', 'nchavez', '10584248', 6),
('OC22', 'ochira', '22305601', 6),
('JC06', 'jcobos', '06729494', 6),
('HC06', 'hcondori', '06786836', 3),
('OC10', 'ocristobal', '10658594', 4),
('SC08', 'scueva', '08418446', 6),
('RC44', 'rcueva', '44519879', 4),
('MD44', 'mdaniel', '44861539', 7),
('AF41', 'afarfan', '41378871', 1),
('RF07', 'rflores', '07604270', 7),
('LF07', 'lflores', '07010634', 3),
('TF40', 'tfuentes', '40985232', 6),
('AG10', 'agastelo', '10280735', 6),
('CG09', 'cgilbonio', '09284340', 7),
('AG07', 'agonzalez', '07573570', 6),
('JG10', 'jgrandez', '10280982', 1),
('LG41', 'lguerrero', '41511831', 2),
('JH06', 'jheath', '06723243', 7),
('HH08', 'hhuamán', '08109563', 7),
('IM25', 'imachado', '25758352', 1),
('AM07', 'amarroquin', '07564752', 4),
('AM10', 'amontalvo', '10423976', 6),
('PM09', 'pmontoya', '09720816', 4),
('LM06', 'lmorales', '06772555', 2),
('JN10', 'jneyra', '10078138', 4),
('MN07', 'mnue', '07199678', 5),
('JO41', 'jotiniano', '41700614', 5),
('YP06', 'ypaucar', '06769541', 2),
('WP06', 'wperea', '06718779', 6),
('GP10', 'gpolicarpio', '10165894', 6),
('RP45', 'rpuma', '45022449', 4),
('JQ10', 'jquinto', '10708617', 4),
('MR42', 'mramirez', '42109156', 5),
('LR40', 'lramos', '40247280', 3),
('WR41', 'wramos', '41035714', 4),
('AR08', 'aramos', '08243962', 6),
('ER09', 'eramos', '09176193', 1),
('JR07', 'jramos', '12345', 1),
('SR07', 'srodriguez', '07863925', 1),
('LR09', 'lrodriguez', '09953576', 6),
('MR46', 'mrojas', '46263960', 4),
('AS08', 'asaavedra', '08204937', 5),
('CS09', 'csalinas', '09972255', 2),
('SS06', 'ssawaya', '06780468', 6),
('ES46', 'eseminario', '46099654', 4),
('CV70', 'cvela', '70555640', 5),
('LV70', 'lvela', '70555641', 6),
('MV09', 'mvela', '09164075', 1),
('EV08', 'eventosilla', '08583660', 6),
('JV42', 'jvera', '42777750', 4),
('BN10', 'bniño', '10405071', 6),
('JP11', 'jpacheco', '11111111', 6),
('JB11', 'jbecerra', '11111112', 6),
('JC54', 'jchujutalli ', '54698236', 6),
('JZ11', 'jzeña', '11111113', 6),
('NC11', 'ncastillo', '11111115', 6),
('WA11', 'warroyo', '11111114', 6),
('MB06', 'mbojorquez', '06973292', 1),
('JC11', 'jcuevas', '11111116', 5),
('AC71', 'achapa' , '71962581', 0),
('AC74', 'acumpa' , '74450214', 0),
('MI71', 'misique' , '71393931' ,0),
('AL11', 'alavanda' , '11111117' ,3);



-- *****************************************************
-- Entidad Registro de Personal [PERS]
-- *****************************************************

-- AUTO INCREMENT

INSERT INTO `personal` (`PERSCODIGO`,`PERSFECHA_REGISTRO`,`PERSTIPIDEN`,`PERSNUM_IDENTIFICACION`,`PERSNOMBRE`,`PERSAPELLIDO_PATERNO`,`PERSAPELLIDO_MATERNO`,`PERSTELEFONO`,`PERSGENERO`,`PERSFECHA_NACIMIENTO`,`PERSFECHA_INGRESO`,`PERSCORREO`,`ESTCODIGO`,`EMPCODIGO`,`AREACODIGO`,`PERSESPECIALIDAD`,`PERSFOTO`,`PERSTIPHORARIO`,`PERSTURNO`,`PERSDOMICILIO`,`DISTRCODIGO`,`USUACODIGO`) VALUES

(1,"19/02/04","LE-DNI",06126044,"Nelly","Arbieto","Morales",null,"Femenino","63/11/17","03/06/06",null,8,"RO","A1",null,null,'fijo','Mañana',"Av. Horacio Zevallos Calle 8 Mz J Lote 9",91,"NA06"),

(2,"19/02/04","LE-DNI",07625420,"Rosario Graciela","Azcona","Orellana",null,"Femenino","08/09/03","18/09/03/","",8,"CT","A1","","","Fijo","Noche","",104,"RA07"),

(3,"19/02/04","LE-DNI",07302133,"Beatriz Haydee","Balvin","de Alvarez",null,"Femenino","10/01/01","10/08/06","",8,"CT","A1","","","Fijo","Mañana","",104,"BB07"),

(4,"19/02/04","LE-DNI",40060610,"David","Barboza","Delgado",2504443,"Masculino","18/09/03","18/09/03","",8,"CT","A1","","","Fijo","Noche","Av. Jose Gabriel Condorcanqui 996",100,"DB40"),

(5,"19/02/04","LE-DNI",40384790,"Lidia Claudia","Barron","Rios",5689752,"Femenino","11/06/02","11/06/02","",8,"CT","A1","","","Fijo","  Tarde","",104,"LB40"),

(6,"19/02/04","LE-DNI",73443243,"Clifton Rusell","Barzola","Esteban",null,"Masculino","17/02/14","17/02/14","",8,"CT","A2","","","Fijo","Mañana","",104,"CB73"),

(7,"19/02/04","LE-DNI",43825570,"Charles Giomar","Becerra","Dominguez",null,"Masculino","18/09/03","18/09/03","",8,"CT","A1","","","Fijo","Mañana","",104,"CB43"),

(8,"19/02/04","LE-DNI",73473773,"Paul Martin","Becerra","Dominguez",null,"Masculino","18/09/03","18/09/03","",8,"CT","A1","","","Fijo","Noche","",104,"PB73"),

(9,"19/02/04","LE-DNI",07044860,"Ramiro","Campos","Vasquez",null,"Masculino","54/06/13","92/09/08","rcampos@computextos.com.pe",8,"ER","A6","","","Fijo","Mañana","Mz s Lt 12 Vista Alegre de Villa La Campina",96,"RC07"),

(10,"19/02/04","LE-DNI",08484266,"Armando Alfonso","Castillo","Monges",6587263,"Masculino","64/05/21","91/01/30",null,8,"ED","A1",null,null,"Fijo","Mañana","Jr. Apurimac #3890",124,"AC08"),

(11,"19/02/04","LE-DNI",09901958,"Raquel Marianela","Chavez","Gutierrez",null,"Femenino","97/08/31","18/08/31",null,8,"CT","A1",null,null,"Fijo","Tarde",null,104,"RC09"),

(12,"19/02/04","LE-DNI",10584248,"Nery Soledad","Chavez","Gutierrez",null,"Femenino","10/01/01","10/08/06",null,8,"CT","A1",null,null,"Fijo","Noche",null,104,"NC10"),

(13,"19/02/04","LE-DNI",22305601,"Oto Eusebio","Chira","Navarro",5843363,"Masculino","72/09/25","04/10/18",null,8,"GR","A1",null,null,"Fijo","Mañana","Jr. Marino Angulo #2363 Mirones Bajos",104,"OC22"),

(14,"19/02/04","LE-DNI",06729494,"Juan Jose","Cobos","Ayala",null,"Masculino","18/09/03","18/09/03",null,8,"CT","A1",null,null,"Fijo","Mañana",null,104,"JC06"),

(15,"19/02/04","LE-DNI",06786836,"Henry	Humberto ","Condori","Chaupi",6590802,"Masculino","13/02/21","03/02/21",null,8,"CT","A3",null,null,"Fijo","Noche",null,104,"HC06"),

(16,"19/02/04","LE-DNI",10658594,"Oscar	Luis","Cristobal","Guillén",5790980,"Masculino","77/03/17","98/03/01","ocristal@computextos.com.pe",8,"CT","A5",null,null,"Rotativo","Mañana","Mz F Lt 10 La Providencia",121,"OC10"),

(17,"19/02/04","LE-DNI",08418446,"Segundo Miguel","Cueva","Gómez",null,"Masculino","59/06/12","90/01/01",null,8,"CT","A1",null,null,"Fijo","Mañana","Urb. Las Flores de Villa Mz C Lt 8",122,"SC08"),

(18,"19/02/04","LE-DNI",44519879,"Richard","Cueva","Guerra",null,"Masculino","18/10/31","18/10/31",null,8,"CT","A5",null,null,"FIJO","MAÑANA","Urb. Las Flores de Villa Mz L Lt 8",122,"RC44"),

(19,"19/02/04","LE-DNI",44861539,"Misael Richard","Daniel","Robles",null,"Masculino","11/09/14","11/09/14",null,8,"CT","A6",null,null,"Fijo","Mañana","Mz A Lt 7 AAHH Virgen Maria 2 etapa",121,"MD44"),

(20,"19/02/04","LE-DNI",41378871,"Andrea Ursula","Farfan","Giove",null,"Femenino","82/06/20","12/07/09",null,8,"CV","A2",null,null,"Fijo","Mañana","Jr. Sinchi Roca 1547 Int 103",101,"AF41"),

(21,"19/02/04","LE-DNI",07604270,"Reyes Rodolfo","Flores","Bonilla",3930465,"Masculino","51/08/21","80/05/10",null ,8,"CT","A6",null,null,"Fijo","Mañana","Mz 2 K- Lt 2 Tupac Amaru",121,"RF07"),

(22,"19/02/04","LE-DNI",07010634,"Luis Juan","Flores","Bonilla",null,"Masculino","52/12/05","08/08/19",null,8,"ED","A3",null,null,"Fijo","Tarde","Urb. Mariscal Caceres Mz 04 118",121,"LF07"),

(23,"19/02/04","LE-DNI",40985232,"Toni Faustino","Fuentes","Cutipa",null,"Masculino","18/12/03","18/12/03","",8,"CT","A1",null,null,"Fijo","Tarde","AAHH 1ero de Junio Mz Z Lt 12",121,"TF40"),

(24,"19/02/04","LE-DNI",10280735,"Angelica Maria","Gastelo","Bellido",5671629,"Femenino","73/01/17","09/07/09",null,8,"ED","A1",null,null,"Fijo","Mañana","Jr. Cajamarca #3693",124,"AG10"),

(25,"19/02/04","LE-DNI",09284340,"Cesar Alberto","Gilbonio","Tello",null,"Masculino","13/06/27","13/06/27","",8,"CT","A6",null,null,"Fijo","Mañana",null,104,"CG09"),

(26,"19/02/04","LE-DNI",07573570,"Aida Rosa","Gonzalez","Vassallo",null,"Femenino","18/12/03","18/12/03","",8,"CT","A1",null,null,"Fijo","Mañana",null,104,"AG07"),

(27,"19/02/04","LE-DNI",10280982,"Jose Genaro","Grandez","Inurritegui",null,"Masculino","76/01/20","99/07/01","josegrandez@computextos.com.pe",8,"CT","A2",null,null,"Fijo","Mañana",null,104,"JG10"),

(28,"19/02/04","LE-DNI",41511831,"Liz Marivel","Guerrero","Santiago",5686827,"Femenino","82/10/07","02/04/12","preprensa@computextos.com.pe",8,"CT","A4",null,null,"Fijo","Mañana","Calle Los Libertadores Mz n Lt 9",124,"LG41"),

(29,"19/02/04","LE-DNI",06723243,"Jorge Luis","Heath","Dios",null,"Masculino","54/09/13","05/01/04","",8,"ER","A6",null,null,"Fijo","Mañana","Tahuantisuyo 643",121,"JH06"),

(30,"19/02/04","LE-DNI",08109563,"Herbert","Huamán","Leiva",4831421,"Masculino","66/12/30","91/01/11",null,8,"ER","A6",null,null,"Fijo","Mañana","Los Heroes #500",117,"HH08"),

(31,"19/02/04","LE-DNI",25758352,"Ivan Jussein","Machado","Rodriguez",4293873,"Masculino","73/11/11","06/04/24","imachado@computextos.com.pe",8,"RO","A2",null,null,"Fijo","Mañana","Bellavista",173,"IM25"),

(32,"19/02/04","LE-DNI",07564752,"Alfredo","Marroquin","Vasquez",3732979,"Masculino","00/05/01","02/01/28",null,8,"GR","A5",null,null,"Fijo","Mañana","Jose Galvez 1720",105,"AM07"),

(33,"19/02/04","LE-DNI",10423976,"Arnaldo","Montalvo","Leiva",null,"Masculino","54/05/06","02/07/15",null,8,"GR","A1",null,null,"Fijo","Tarde","Km 3 1/2 Carretera Central",126,"AM10"),

(34,"19/02/04","LE-DNI",09720816,"Peter	John","Montoya","Guillén",2910591,"Masculino","67/05/07","01/01/20",null,8,"CT","A5",null,null,"Fijo","Tarde","Jr. Angares 101-32",104,"PM09"),

(35,"19/02/04","LE-DNI",06772555,"Leticia Fabiola","Morales","Aggiuro",2540749,"Femenino","69/09/10","03/01/07","fma@computextos.com.pe",8,"ED","A4",null,null,"Fijo","Mañana","Alam. Las Palmas 259-261 La Encantada de Villa",96,"LM06"),

(36,"19/02/04","LE-DNI",10078138,"Jorge	Antonio","Neyra","Astudillo",null,"Masculino","18/09/03","18/09/03",null,8,"CT","A5",null,null,"Rotativo","Tarde",null,104,"JN10"),

(37,"19/02/04","LE-DNI",07199678,"Maria	del Pilar","Nue","Agüero",4232295,"Femenino","65/10/02","92/01/01",null,8,"ED","A7",null,null,"Fijo","Mañana","Av. Mello Franco 172 A",101,"MN07"),

(38,"19/02/04","LE-DNI",41700614,"Jose Luis","Otiniano","Sanchez",3428163,"Masculino","83/04/08","05/02/15",null,8,"RO","A7",null,null,"Fijo","Mañana","Calle Macela pPicchu 825",124,"JO41"),

(39,"19/02/04","LE-DNI",06769541,"Yrma Rosa","Paucar","Carrillo",4674278,"Femenino","68/12/18","94/06/14","yrmarosa@computextos.com.pe",8,"RO","A4",null,null,"Fijo","Mañana","Calle 10 Mz Z Lote 5 Urb Sto Domingo 5 etapa",94,"YP06"),

(40,"19/02/04","LE-DNI",06718779,"Wilder","Perea","Rojas",3349683,"Masculino","69/05/09","91/02/14",null,8,"ED","A1",null,null,"Fijo","Mañana","Gral Garzon 755 #14",104,"WP06"),

(41,"19/02/04","LE-DNI",10165894,"Gloria Widelmina","Policarpio","Quispe",5739508,"Femenino","63/03/16","91/01/01",null,8,"ED","A1",null,null,"Fijo","Mañana","Jr. Tinta 262",100,"GP10"),

(42,"19/02/04","LE-DNI",45022449,"Roy Roger","Puma","Barrionuevo",null,"Masculino","11/10/20","11/10/20",null,8,"CT","A5",null,null,"Rotativo","Mañana",null,104,"RP45"),

(43,"19/02/04","LE-DNI",10708617,"Jhan Carlos","Quinto","Pesantes",2836120,"Masculino","78/07/28","00/01/01",null,8,"GR","A5",null,null,"Rotativo","Tarde","Francisco Lazo  #220",131,"JQ10"),

(44,"19/02/04","LE-DNI",42109156,"Michal","Ramirez","Benavides",null,"Masculino","18/09/03","18/09/03",null,8,"CT","A7",null,null,"Fijo","Tarde",null,104,"MR42"),

(45,"19/02/04","LE-DNI",40247280,"Luis Angel","Ramos","Castañeda",null,"Masculino","79/06/21","04/10/04",null,8,"ED","A3",null,null,"Fijo","Mañana","Jr. Pablo Chavez 169",124,"LR40"),

(46,"19/02/04","LE-DNI",41035714,"Wilson Alfredo","Ramos","Bruno",5444635,"Masculino","81/04/07","06/02/07",null,8,"ER","A5",null,null,"Rotativo","Noche","Mz C Lote El Rosal Naranjal",124,"WR41"),

(47,"19/02/04","LE-DNI",08243962,"Alejandro","Ramos","Ramos",null,"Masculino","18/12/03","18/12/03",null,8,"CT","A1",null,null,"Fijo","Mañana",null,104,"AR08"),

(48,"19/02/04","LE-DNI",09176193,"Emma María","Ramos","Ledesma",null,"Femenino","53/08/01","08/10/01","eramos@computextos.com.pe",8,"CT","A2",null,null,"Fijo","Mañana","Esq los Const. y Copernico Urb Covima",96,"ER09"),

(49,"19/02/04","LE-DNI",07608566,"José","Ramos","Ledesma",null,"Masculino","99/01/01","99/01/01","jrl@computextos.com.pe",8,"CT","A1",null,null,"Rotativo","Mañana",null,104,"JR07"),    

(50,"19/02/04","LE-DNI",07863925,"Sandra Genoveva","Rodriguez","Vizcarra",null,"Femenino","18/12/03","18/12/03",null,8,"CT","A2",null,null,"Fijo","Mañana",null,104,"SR07"),

(51,"19/02/04","LE-DNI",09953576,"Luis Gonzalo","Rodriguez","Fernandez",null,"Masculino","18/09/03","18/09/03",null,8,"CT","A1",null,null,"Fijo","Noche",null,104,"LR09"),

(52,"19/02/04","LE-DNI",46263960,"Mitchell","Rojas","Vargas",null,"Masculino","18/09/03","18/09/03",null,8,"CT","A5",null,null,"Fijo","Noche",null,104,"MR46"),

(53,"19/02/04","LE-DNI",08204937,"Augusto Rodolfo","Saavedra","Toro",null,"Masculino","18/09/03","18/09/03",null,8,"CT","A7",null,null,"Fijo","Noche",null,104,"AS08"),

(54,"19/02/04","LE-DNI",09972255,"Cesilia Milagritos","Salinas","Canta",5250059,"Femenino","73/10/12","98/01/02","cesi@computextos.com.pe",8,"RO","A4",null,null,"Fijo","Mañana","Calle Rio Flajes 188 Urb. Sta Isol",106,"CS09"),

(55,"19/02/04","LE-DNI",06780468,"Sayda	Rocio","Sawaya","Aggiuro",null,"Masculino","18/12/03","18/12/03",null,8,"CT","A1",null,null,"Fijo","Mañana",null,104,"SS06"),

(56,"19/02/04","LE-DNI",46099654,"Edgar	Eduardo","Seminario","Ramos",null,"Masculino","11/05/10","11/05/10",null,8,"CT","A5",null,null,"Fijo","Mañana",null,104,"ES46"),

(57,"19/02/04","LE-DNI",70555640,"Cecilia","Vela","Cardenas",null,"Femenino","16/01/11","16/01/11",null,8,"CT","A7",null,null,"Fijo","Mañana",null,104,"CV70"),

(58,"19/02/04","LE-DNI",70555641,"Luis Arturo","Vela","Cardenas",null,"Masculino","18/12/03","18/12/03",null,8,"CT","A1",null,null,"Fijo","Mañana",null,104,"LV70"),

(59,"19/02/04","LE-DNI",09164075,"Maria	Luisa","Vela","Ramos",2658179,"Femenino","64/01/31","84/02/01","mluisa@computextos.com.pe",8,"ER","A2",null,null,"Fijo","Mañana","Manuel Segura 681",105,"MV09"),

(60,"19/02/04","LE-DNI",08583660,"Eutigio Antrodicio","Ventosilla","Gomero",null,"Masculino","53/03/14","09/01/07",null,8,"ED","A1",null,null,"Fijo","Tarde","Jr. San Pedro Mz F Lt 4",104,"EV08"),

(61,"19/02/04","LE-DNI",42777750,"Josue	Manuel","Vera","Cahuana",null,"Masculino","18/09/03","18/09/03",null,8,"CT","A5",null,null,"Fijo","Noche ",null,104,"JV42"),

(62,"19/02/04","LE-DNI",10405071,"Berthing Gustavo","Niño","La Torre",null,"Masculino","19/01/10","19/01/10",null,8,"CT","A1",null,null,"Rotativo","Tarde",null,104,"BN10"),

(63,"19/02/04","LE-DNI",11111111,"Jeffrey","Pacheco","Briceño",null,"Masculino","19/01/03","19/01/03",null,8,"CT","A1",null,null,"Rotativo","Mañana",null,104,"JP11"),

(64,"19/02/04","LE-DNI",11111112,"Jorge	David","Becerra","Dominguez",null,"Masculino","18/09/03","18/09/03",null,8,"CT","A1",null,null,"Rotativo","Noche",null,104,"JB11"),

(65,"19/02/04","LE-DNI",54698236,"Jose","Chujutalli","c",null,"Masculino","16/04/01","16/04/01",null,8,"CT","A1",null,null,"Rotativo","Noche",null,104,"JC54"),

(66,"19/02/04","LE-DNI",11111113,"Julio","Zeña","Lopez",null,"Masculino","18/09/03","18/09/03",null,8,"CT","A1",null,null,"Rotativo","Mañana",null,104,"JZ11"),

(67,"19/02/04","LE-DNI",11111115,"Neptali","Castillo","Castillo",null,"Femenino","18/12/06","18/12/06",null,8,"CT","A1",null,null,"Rotatio","Tarde",null,104,"NC11"),

(68,"19/02/04","LE-DNI",11111114,"Wendy","Arroyo","Arroyo",null,"Femenino","18/09/03","18/09/03",null,8,"CT","A1",null,null,"Rotativo","Mañana",null,104,"WA11"),

(69,"19/02/04","LE-DNI",06973292,"Maria	Milagros","Bohorquez","Reyes",3581149,"Femenino","66/10/26","95/05/15","mbojorquez@computextos.com.pe",8,"RO","A2",null,null,"Fijo","Mañana","Los Jazmines 15-s #14",95,"MB06"),

(70,"19/02/04","LE-DNI",11111116,"Julio Alberto","Cuevas","F",null,"Masculino","18/09/03","18/09/03",null,8,"CT","A7",null,null,"Rotativo","Mañana",null,104,"JC11"),

(71,"19/02/04","LE-DNI",71962581,"Angy Milagros","Chapa","Principe",null,"Femenino","98/10/26","18/11/05","achapa@computextos.com.pe",8,"CT","A8","Programacion",null,"Fijo","Mañana",null,104,"AC71"),

(72,"19/02/04","LE-DNI",74450214,"Alonzo Enrique","Cumpa","Silva",null,"Masculino","98/10/28","19/01/21",null,8,"CT","A8","Programacion",null,"Fijo","Mañana",null,104,"AC74"),

(73,"19/02/04","LE-DNI",71393931,"Miguel Angel","Isique","Lumbre",910376053,"Masculino","97/02/21","18/12/26","misique@computextos.com.pe",8,"CT","A8","Programacion",null,"Fijo","Mañana",null,117,"MI71"),

(74,"19/02/04","LE-DNI",11111117," Alan Ricardo","Lavanda","Ramos",910376053,"Masculino","00/07/29","04/03/29","alavanda@computextos.com.pe",8,"CT","A3",null,null,"Fijo","Mañana",null,104,"AL11");



-- *****************************************************
-- Entidad Registro de Cliente [CLIEN]
-- *****************************************************


INSERT INTO `cliente` (`CLIENCODIGO`, `CLIENRAZON_SOCIAL`, `CLIENNOMBRE_CORTO`, `CLIENFECHA_REGISTRO`, `CLIENTIPIDEN`, `CLIENNUM_IDENTIFICACION`, `CLIENDOMICILIO`, `DISTRCODIGO`, `CLIENTELEFONO1`, `CLIENTELEFONO2`, `CLIENANEX_TELEFONO`, `CLIENTIPO`, `ESTCODIGO`, `EMPCODIGO`, `CLIENNOMBRE_CONTACTO`, `CLIENCARGO_CONTACTO`, `CLIENGIRO_EMPRESA`, `CLIENCORREO_CONTACTO`, `CLIENVENDEDOR`, `CLIENCREDITO`, `CLIENMONEDA`, `CLIENDEUDA`, `CLIENPLAZO_PAGO`, `CLIENFORMPAGO`, `CLIENTIPCOMPROB`, `CLIENOBSERVACION`) VALUES
(1, 'ALTIVITAL S.A.C.', 'ALTIVITAL', '2019-02-13 16:53:03', 'RUC', 20602281478, ' CAL.TANTAMAYO NRO. 381 DPTO. 201 URB. LOS MANZANOS', 129, '', '', '', 'EVENTUAL', 1, 'GR', '', '', '', '', '54', '0.000', 'DOLARES', '0.000', 0, '', '', ''),
(2, 'ARIS INDUSTRIAL S.A', 'ARIS', '2019-02-13 16:53:03', 'RUC', 20100257298, ' AV. INDUSTRIAL 491 LIMA INDUSTRIAL', 104, '3365428', '', '', 'PERMANENTE', 1, 'CT', '', '', '', '', '54', '4000.000', 'DOLARES', '0.000', 30, '', 'FACTURA', 'PAGOS CON ABONO EN CTA.CTE, CONSULTAS EN  RECEPCION SRTA. KAREM CASTILLO L A V 9 A 12 Y 2 A 5PM'),
(3, 'ASOCIACION RADIO MARIA', 'RADIO MARIA', '2019-02-13 16:53:03', 'RUC', 20290733333, ' AV GENERAL GARZON 2031 ', 101, '', '', '', 'EVENTUAL', 1, 'CT', 'SERGIO VARGAS E', 'CONTADOR', 'RADIO', '', '35', '0.000', 'DOLARES', '0.000', 0, '', '', ''),
(4, 'B.BRAUN MEDICAL PERU S.A.', 'BRAUN', '2019-02-13 16:53:03', 'RUC', 20377339461, ' AV. SEPARADORA INDUSTRIAL NRO. 887 URB. MIGUEL GRAU (ESQ', 104, '', '', '', 'EVENTUAL', 1, 'CT', '', '', '', '', '39', '0.000', 'SOLES', '592.950', 35, '', '', 'RECEPCION DE FACTURAS SOLO LUNES Y MIERCOLES'),
(5, 'BANCO DE CREDITO DEL PERU', 'BCP', '2019-02-13 16:53:03', 'RUC', 20100047218, ' CAL. CENTENARIO NRO. 156 URB. LAS LADERAS DE MELGAREJO', 102, '6252000', '3132000', '', 'EVENTUAL', 1, 'CT', '', '', '', '', '28', '0.000', 'DOLARES', '47946.520', 0, '', '', 'CLIENTE PARA FACTURAR TRABAJO SRA. POTOKA'),
(6, 'BANCO INTERNACIONAL DEL PERU - INTERBANK', 'INTERBANK', '2019-02-13 16:53:03', 'RUC', 20100053455, ' CARLOS VILLARAN 140 STA. CATALINA', 103, '2192000', '', '', 'EVENTUAL', 1, 'CT', 'SAMIR BERROSPI', 'GERENTE', 'BANCOS', '', '35', '1000.000', 'DOLARES', '0.000', 30, '', 'FACTURA', 'INTERBANK PROVEEDORES SOLO 9.30 A 12.30 ANEXO 22161 Y 22137'),
(7, 'C.E.P SAN FRANCISCO DE BORJA', 'COL FRANCISCO BORJA', '2019-02-13 16:53:03', 'RUC', 20111581291, ' CAL.VELASQUEZ S/N URB. SAN BORJA ', 119, '4765393', '', '105', 'EVENTUAL', 1, 'GR', 'CARLOS JOYA', '', '', '', '54', '0.000', 'DOLARES', '0.000', 0, '', '', 'AV. LAS ARTES NORTE 878'),
(8, 'CALIFORNIA CAFE E.I.R.L', 'CALIFORNIA CAFE', '2019-02-13 16:53:03', 'RUC', 20530676898, ' JR. 28 DE JULIO NRO. 562', 179, '', '', '', 'EVENTUAL', 1, 'CT', '', '', '', '', '39', '0.000', 'DOLARES', '0.000', 0, '', '', 'MISMO  CLIENTE TIM NORRIS'),
(9, 'CAMARA DE COMERCIO AMERICANA DEL PERU', 'CAMARA DE COMERCIO', '2019-02-13 16:53:03', 'RUC', 20101917003, ' AV. VICTOR ANDRES BELAUNDE NRO. 177 URB. EL ROSARIO', 104, '7058000', '', '', 'PERMANENTE', 1, 'CT', '', '', '', '', '39', '12000.000', 'SOLES', '0.000', 30, '', 'FACTURA', 'PAGOS A LOS 30 DIAS DE FECHA RECEPCION FACTURA Y VIA TRANSFERENCIA SRA ESTHER MARTINEZ. PROVEEDORES ANEXO 37 SRA MIRIAM CARDENAS DIAS VIERNES 10 AM'),
(10, 'CARMEN FONSECA EVENTOS SAC', 'FONSECA EVENTOS', '2019-02-13 16:53:03', 'RUC', 20600352408, ' JR. VISTA ALEGRE MZ. A16 LOTE 5 URB. SAGITARIO', 129, '9987189', '941617586', '98', 'EVENTUAL', 1, 'CT', 'CARMEN FONSECA', 'DUEÑA', 'EVENTOS Y PRODUCCIONES', 'carmen.fonseca@cfeventos.com', '49', '0.000', 'DOLARES', '0.000', 0, '', '', 'CARMEN.FONSECA@CFEVENTOS.COM'),
(11, 'CIRCUS MUSIC MANAGEMENT SAC', 'CIRCUS MUSIC', '2019-02-13 16:53:03', 'RUC', 20509347566, ' CALLE FRANCISCO DE CUELLAR 220 ', 129, '', '', '', 'EVENTUAL', 1, 'GR', 'RUTH GUTIERREZ', '', '', 'RUTH@CIRCUSEVENTOS.COM', '54', '0.000', 'DOLARES', '0.000', 0, '', '', ''),
(12, 'CLINICA INTERNACIONAL S.A.', 'CLINICA INTERN', '2019-02-13 16:53:03', 'RUC', 20100054184, ' JR. WASHINGTON 1471', 104, '4334306', '4334217', '', 'EVENTUAL', 1, 'CT', 'CAROLINA SANCHEZ', '', '', '', '39', '1000.000', 'DOLARES', '3392.500', 45, '', '', ''),
(13, 'COPY REY S.A.', 'COPY REY', '2019-02-13 16:53:03', 'RUC', 20122025986, ' JJR. FRANCIA NRO. 649 P.J. MATUTE', 103, '', '', '', 'EVENTUAL', 1, 'CT', 'JUAN MANUEL LOAYZA', '', '', '', '28', '0.000', 'DOLARES', '11555.100', 0, '', '', ''),
(14, 'CORPORACION GRAFICA NOCEDA SAC', 'GRAF. NOCEDA', '2019-02-13 16:53:03', 'RUC', 20504793584, ' AV. GENERAL VARELA 2030', 113, '4330154', '4330158', '200', 'EVENTUAL', 1, 'CT', 'KHATERIN LETONA ARANA', '', '', '', '49', '1500.000', 'DOLARES', '3818.480', 30, '', 'FACTURA', 'PAGOS SOLO VIERNES 3.30A 6PM'),
(15, 'DELOSI S.A.', 'DELOSI', '2019-02-13 16:53:03', 'RUC', 20100123330, ' AV. JAVIER PRADO OESTE NO.1650  ', 120, '4213450', '', '', 'EVENTUAL', 1, 'CT', '', '', '', '', '35', '1000.000', 'SOLES', '103780.810', 60, '', '', '4330154 FINANZAS SR. FELIX- SECRET. SRTA. DENIS, C/D SRA. ELENA VALENZUELA O SR. HUMBERTO BLAS'),
(16, 'EDICIONES REALES SRL', 'ER', '2019-02-13 16:53:03', 'RUC', 20101784445, ' AV AREQUIPA 157', 105, '', '', '', 'PERMANENTE', 1, 'GR', '', '', '', '', '74', '0.000', 'DOLARES', '2424.550', 0, '', '', ''),
(17, 'EDITORIAL E IMPRENTA DESA S.A', 'DESA', '2019-02-13 16:53:03', 'RUC', 20100694591, ' AV. AREQUIPA 1583', 105, '472809', '4241936', '', 'PERMANENTE', 1, 'CT', '', '', 'IMPRENTA', '', '35', '0.000', 'SOLES', '1804.720', 0, 'LETRA', 'FACTURA', ''),
(18, 'EDITORIAL LIMA 2000 SAC', 'EDITORIAL LIMA', '2019-02-13 16:53:03', 'RUC', 20100843421, ' AV. AREQUIPA 2625', 105, '4403486', '4403480', '', 'EVENTUAL', 1, 'CT', '', '', '', '', '39', '3000.000', 'SOLES', '0.000', 30, '', '', 'SR: OLIVER PERROTTET CEL: 989794451,CASA 534-6887'),
(19, 'EL PACIFICO PERUANO-SUIZA CIA. DE SEGUROS Y REASEGUROS', 'EL PACIFICO CIA', '2019-02-13 16:53:03', 'RUC', 20100035392, ' CAL.JUAN DE ARONA 830', 120, '', '', '', 'PERMANENTE', 1, 'CT', 'ANDREA VALENCIA', '', 'SEGUROS', '', '49', '0.000', 'DOLARES', '0.000', 0, '', '', ''),
(20, 'GRAFICA REAL DEL PERU SAC', 'GR', '2019-02-13 16:53:03', 'RUC', 20102099436, ' AV. AREQUIPA 1575-A ', 105, '', '', '', 'EVENTUAL', 1, 'ER', '', '', '', '', '74', '0.000', 'DOLARES', '0.000', 0, '', '', ''),
(21, 'GRAMBS CORPORACION GRAFICA SAC', 'GRAMS', '2019-02-13 16:53:03', 'RUC', 20100512662, ' AV AUGUSTO SALAZAR BONDY 1317', 122, '2196560', '', '', 'EVENTUAL', 1, 'CT', 'CARLOS BALTUANO', 'DUEÑO', 'IMPRENTA', '', '49', '0.000', 'DOLARES', '0.000', 0, '', '', ''),
(22, 'HERVE CERMAL', 'HERVE', '2019-02-13 16:53:03', 'RUC', 15472852164, ' TANTAMAYO 381  ', 129, '4496950', '97896133', '', 'EVENTUAL', 1, 'CT', '', '', '', '', '54', '0.000', 'DOLARES', '0.000', 0, '', '', ''),
(23, 'HOMECENTERS PERUANOS S.A', 'HOMECENTERS', '2019-02-13 16:53:03', 'RUC', 20536557858, ' AV. AVIACIÓN 2405 PISO 5', 119, '7001500', '', '', 'EVENTUAL', 1, 'CT', '', 'MARKETING', '', '', '35', '2500.000', 'DOLARES', '572.300', 30, '', 'FACTURA', ''),
(24, 'HOTELES SHERATON DEL PERU S.A.C.', 'SHERATON', '2019-02-13 16:53:03', 'RUC', 20100032610, ' AV.PASEO DE LA REPUBLICA 170', 104, '3155000', '', '', 'EVENTUAL', 1, 'CT', 'GUSTAVO BARCLAY', 'GERENTE DE MARKETING', 'HOTEL', '', '35', '5000.000', 'DOLARES', '460.200', 30, '', 'FACTURA', 'PRES. RESPONS. KARIN ARBURUA'),
(25, 'IDEPRINT SAC', 'IDEPRINT', '2019-02-13 16:53:03', 'RUC', 20522410064, ' CAL.IGNACIO COSSIO NRO. 1605', 103, '5863220', '', '', 'EVENTUAL', 1, 'CT', '', '', '', '', '49', '0.000', 'DOLARES', '0.000', 30, 'LETRA', 'FACTURA', ''),
(26, 'ARRIBA EL TELON PERU SAC', 'ARRIBA EL TELON', '2019-02-13 16:53:03', 'RUC', 20602913946, 'CAL.MARIANO MELGAR NRO. 236 URB. SIMA', 175, '969746976', '', '', 'EVENTUAL', 1, 'CT', 'RICKY MONTOYA', 'ORGANIZADOR DE EVENTOS', 'EVENTOS Y PRODUCCIONES', 'ricky@bodies.pe', '49', '0.000', 'DOLARES', '0.000', 0, '', '', ''),
(27, 'BANCO DE COMERCIO', 'BANCO DE COMERCIO', '2019-02-13 16:53:03', 'RUC', 20509507199, 'CANAVAL Y MOREYRA 454-452', 104, '5136000', '', '', 'EVENTUAL', 1, 'CT', 'YURI ROJAS', 'dpto. Mercadeo', 'NICOLAS KISIC', '', '49', '5000.000', 'DOLARES', '0.000', 30, '', 'FACTURA', 'INDICAR EN LA FACTURA EL Nº DE CTA CTE: S/. 110-01-0402150 AL QUE DEBEN ABONAR *(DPTO. MARKETING SR. VICTOR CANTA 428-9400) PAGADURIA- SR RICARDO ESPARZA AN:3151,20% DE DSCTO EN PELICULAS  VICTOR CANTA FACT/ 4289400'),
(28, 'TELEFONICA DEL PERU S.A.A.', 'TELEFONICA', '2019-02-13 16:53:03', 'RUC', 20100017491, 'CAL DEAN VALDIVIA N.148, DPTO. 201 URB. JARDIN (CENTRO', 120, '2102110', '4701616', '', 'EVENTUAL', 1, 'CT', 'CLAUDIA VOTTO', '2101127', 'LOURDES', '2101328', '54', '10000.000', 'SOLES', '1108561.180', 70, '', '', 'PERS. RESPONS BCO.CONTINENTAL SR.CARLOS 9664800 HUDSON FARFAN 210-1145\r\nMARITA VERA 9927151 / 210-1432 LUIS QUISPE 210-1127\r\nDIREC ANTERIOR AV. AREQUIPA 1155 LIMA- LIMA -LIMA AHORA SE PONE LA DIREC.SUNAT PAGOS BCO CONTINENTAL CDRA 7 DE ARENALES SR CARLOS CEL: 9664800. CONTACTARSE CON SR PABLO ROJO 2101362-2101363-2101364-2101205-2101206.\r\nCONTACTO: LOURDES SANCHEZ 210-1328 (7MO. PISO) CESAR APONTE 2101124 - MAGY FALERO REG. DE FACT 2412872  GLADYS LAZARTE CONTAB. 2101160 Y FACT. PUBLIC. MOVILINE 2101584 - CESAR GUTIERREZ 2101136 . TELEFONICA AV 28 DE JULIO 715 TRAMITA FACT. DE AVISOS DE PRENSA SRTA SANDRA PORRAS, PAGOS SR RONALD ROJAS 2103530 PISO 9 O 10 - GINA CONTRERAS 2103593 PISO 8 - CARLOS NAMISATA 2103577 - PAGOS DE AV AREQUIPA 1155 : CAJA CHICA  SRTA CELIA VILLAR 2101063/ CECILIA ROCA 210-1181 - ERICKA SAMBRANO (2101020).\r\nSRTA MARITA VERA (7MO. PISO)210-2432. - DEJAR FACTURAS EN SURQUILLO: AV SAN FELIPE 1144 PISO 5 CON SRTA SILVIA MANSILLA TF. 2105419 (O SR ALFREDO DEL BARCO)'),
(29, 'SIGDELO S.A.', 'SIDGELO', '2019-02-13 16:53:03', 'RUC', 20153045021, 'AV. JAVIER PRADO OESTE 1650 RES.', 120, '4213450', '', '', 'EVENTUAL', 1, 'CT', 'FABIOLA ARRIAGA', '', '', '', '35', '1000.000', 'SOLES', '78647.480', 60, '', '', ''),
(30, 'FULLCOLOR SAC INDUSTRIA GRAFICA', 'FULLCOLOR SAC', '2019-02-13 16:53:03', 'RUC', 20538079686, 'CAL. JUNO NRO. 183 URB. LA CAMPIÑA', 96, '2517867', '', '', 'EVENTUAL', 1, 'CT', 'MANUEL CERRUTTU DONAYRE', '', 'IMPRENTA', 'mcerruttid@hotmail.com', '49', '0.000', 'DOLARES', '3341.710', 0, '', '', 'SRA LORENA BRIOLE 830*7913 \r\nJRL: NO CONDICIONARLE NADA SIN MI AUTORIZACION CANCELAN CON 3 CHEQUES DIFERIDOS A PARTIR DE LOS 60 DÍAS'),
(31, 'HBO LATIN AMERICA PRODUCTION SERVICES, LC', 'HBO', '2019-02-13 16:53:03', 'RUC', 4000064034, '396 ALHAMBRA CIRCLE SUITE 400 CORAL GABLES MIAMI', 180, '6488100', '305', '8975', 'EVENTUAL', 1, 'CT', '', '', '', '', '49', '0.000', 'DOLARES', '0.000', 0, '', '', 'ANTIGUA DIRECCION 4000 PONCE DE LEON BLVD SUITE 800 CORAL GABLES, FLORIDA 33146   USA'),
(32, 'CLEMENTE OSCCO PAREDES', 'CLEMENTE OSCCO', '2019-02-13 16:53:03', 'RUC', 10073664140, 'PJ. I NRO. 990 MCDO MINORISTA (MERCADO MINORISTA PJE', 104, '3621173', '3237108', '', 'EVENTUAL', 1, 'GR', '', '', '', '', '54', '0.000', 'DOLARES', '0.000', 0, '', '', 'RUC 10073664140 DNI 07366414 DIO DIRECCION OVALO LAS PERDICES 145'),
(33, 'FUNDACION TELEFONICA DEL PERU', 'FUNDACION TELEFONICA', '2019-02-13 16:53:03', 'RUC', 20423924137, 'CALLE DEAN VALDIVIA N. 148 , DPTO. 201', 120, '2101145', '2101136', '', 'EVENTUAL', 1, 'CT', '', '', '', '', '49', '2000.000', 'SOLES', '29497.400', 60, '', '', 'PERS. RESPONS. SR. HUDSON FARFAN PAGOS: SR: HUDSON FARFAN. TELEF 210-1145 TESORERIA DPTO.FINANCIERO 210-1181'),
(34, 'JUPITER TECHNOLOGY PERU SA', 'JUPITER', '2019-02-13 16:53:03', 'RUC', 20543885518, 'AV. DEL PINAR 180 OFICINA 804, CHACARILLA, DEL ESTANQUE', 129, '2567256', '', '', 'EVENTUAL', 1, 'CT', 'EVELYN THOMAS C', '', '', 'evelyn.thomas@mfsholding.com', '39', '0.000', 'DOLARES', '0.000', 0, '', '', 'CEL. + 51 995774045'),
(35, 'ROBERT BOSCH S.A.C.', 'BOSH', '2019-02-13 16:53:03', 'RUC', 20524506166, 'AV. PRIMAVERA 781 INT.301 URB. CHACARILLA', 119, '2190332', '', '1026', 'PERMANENTE', 1, 'CT', '', '', '', '', '54', '0.000', 'DOLARES', '49569.440', 30, '', '', '\"EDIFICIO ALDO & CIA (CRUCE CON VELASCO ASTETE)\r\nLESLY CÁRDENAS (ÓRDENES DE COMPRA) 1301\r\nKARINA HORIKAWA (PAGOS) 1304'),
(36, 'ADMINISTRADORA JOCKEY PLAZA SHOPPING CENTER SA', 'ADM. JOCEK PLAZA', '2019-02-13 16:53:03', 'RUC', 20306841506, 'AV. JAVIER PRADO ESTE N° 4200', 129, '7162000', '', '1248', 'EVENTUAL', 1, 'CV', 'NATHALY ZUMAETA GARCIA', '', '', '', '49', '2000.000', 'SOLES', '0.000', 30, '', 'FACTURA', 'PAGOS SR. JORGE LARREA ANEXO 1- 1408'),
(37, 'LA POSITIVA VIDA SEGUROS Y REASEGUROS', 'LA POSITIVA', '2019-02-13 16:53:03', 'RUC', 20454073143, 'AV. FRANCISCO MASIAS 370-ALMACEN VIDA-SOTANO 5TO. NIVEL', 120, '5130000', '', '', 'EVENTUAL', 1, 'ED', '', '', '', '', '49', '0.000', 'DOLARES', '0.000', 0, '', '', 'PARA CONSULTAR PAGOS ESCRIBIR A CUENTASPORPAGAR@LAPOSITIVA.COM.PE'),
(38, 'TOURING Y AUTOMOVIL CLUB DEL PERU', 'TOURING', '2019-02-13 16:53:03', 'RUC', 20100091896, 'AV. TRINIDAD MORÁN 698', 105, '6110000', '', '214', 'PERMANENTE', 1, 'CT', 'PAVEL CORCUERA', '', '', '', '49', '0.000', 'SOLES', '0.000', 0, '', '', 'EFACTURACION@TOURING.PE'),
(39, 'SOUTHERN PERU COPPER CORPORATION', 'SOUTHERN', '2019-02-13 16:53:03', 'RUC', 20100147514, 'AV. CAMINO DEL INCA 171 CHACARILLA  DEL ESTANQUE', 129, '5120440', '', '3218', 'PERMANENTE', 1, 'CT', 'ALBERTO VALES', '', '', '', '49', '1000.000', 'SOLES', '0.000', 15, '', 'FACTURA', 'FREDY LAZO/SRTA MINOSKA\r\nROSA ANICAMA-PAGOS CONTABILID\r\nCARLOS OVIEDO-MARIELA ARANA ROSA ANICAMA-PAGOS CONTABILID - PAGOS CHICOS: ENRIQUE PANDO / GUILLERMO VIDALON / SRTA ALAIN'),
(40, 'PATRICIA PERALTA EIRL', 'PATRICIA PERALTA', '2019-02-13 16:53:03', 'RUC', 20601763410, 'CAL.6 MZA. G LOTE. 20 DPTO. 400', 91, '', '', '', 'EVENTUAL', 1, 'CV', 'JOEL SAN MARTIN', '', '', 'joelsmg016@gmail.com', '49', '0.000', 'DOLARES', '0.000', 0, '', '', 'CELULAR 987768352'),
(41, 'HARAS SAN PABLO S.A.', 'HARAS SAN PABLO', '2019-02-13 16:53:03', 'RUC', 20102042329, 'AV. SAN BORJA NORTE 166 2DO. PISO    ', 119, '4765900', '', '', 'EVENTUAL', 1, 'CT', 'EDUARDO VILLARAN', 'GERENTE', 'SECRETARIA SRA. NORMA', '', '49', '1000.000', 'DOLARES', '0.000', 30, '', 'FACTURA', ''),
(42, 'ARMAS RIOS  MIGUEL ', 'ARMAS MIGUEL', '2019-02-13 16:53:03', 'LE-DNI', 87767, 'MZ G LOTE 19 SAN MARTIN LIMA LIMA', 124, '', '', '', 'EVENTUAL', 1, 'CV', '', '', '', '', '49', '0.000', 'DOLARES', '1218.630', 0, '', '', 'PARA USO INTERNO'),
(43, 'CELULA CREATIVA SAC', 'CELULA CREATIVA', '2019-02-13 16:53:03', 'RUC', 20498512861, 'CALLE GENERAL MORAN 117', 182, '', '', '', 'EVENTUAL', 1, 'CT', 'DIEGO ACOSTA ALFARO', '', 'PROMOTOCA', 'd.acosta@celulacreativa.com', '49', '0.000', 'DOLARES', '0.000', 0, '', '', '\"D.ACOSTA@CELULACREATIVA.COM.PE\r\nEL REPRESENTANTE LEGAL ES HUGO MANCHEGO BONILLA'),
(44, 'AGENCIA DE PROMOCION DE LA INVERSION PRIVADA - PROINVERSION', 'PROINVERSION', '2019-02-13 16:53:03', 'RUC', 20380799643, 'ENRIQUE CANAVAL MOREYRA 150 PISO 9', 120, '', '', '', 'PERMANENTE', 1, 'CT', 'GIULIANA MARRESE ARBULU', '', 'PROMOTORA GOBIERNO', 'mmarrese@proinversion.gob', '49', '0.000', 'DOLARES', '0.000', 0, '', '', ''),
(45, 'FARMINDUSTRIA S.A.', 'FARMINDUSTRIA', '2019-02-13 16:53:03', 'RUC', 20262996329, 'MARISCAL MILLER 2151 URB LOBATON', 105, '4117000', '4701112', '', 'PERMANENTE', 1, 'CT', 'ALEXIS DUNAYEVICH', 'JEFE ARTE Y DISEÑO', 'LABORATORIO', '', '49', '3000.000', 'SOLES', '45586.710', 90, '', 'FACTURA', '2212100 SR. CIRO RAMOS - 4117000 - RECEPCION.AFO@FARMINDUSTRIA.COM.PE A PARTE DE ENVIAR FACTURA ELECTRONICA X EMAIL TAMBIEN ENVIARLA IMPRESA CON SU GR Y OC'),
(46, 'RAMOS CASTAÑEDA LUIS ANGEL', 'LUIS RAMOS', '2019-02-13 16:53:03', 'LE-DNI', 40247280, 'JR. PABLO CHAVEZ NRO. 169 URB. CONDEVILLA', 124, '', '', '', 'EVENTUAL', 1, 'ED', '', '', '', '', '49', '0.000', 'DOLARES', '0.000', 0, '', '', ''),
(47, 'SUPERALIMENTOS DEL PERU SAC', 'SUPERALIMENTOS', '2019-02-13 16:53:03', 'RUC', 20601782082, 'CALLE LA JACARANDA MZ.K Ñ LOTE 9 C.P.SANTA MARIA DE HUACHIPA', 121, '7110000', '', '', 'EVENTUAL', 1, 'CT', 'CARLOS CABALLERO', '', '', '', '49', '0.000', 'DOLARES', '0.000', 0, '', '', ''),
(48, 'ASOCIACION MUSEO DE ARTE DE LIMA', 'ASOC. MALI', '2019-02-13 16:53:03', 'RUC', 20168496690, 'AV PASEO COLON 125', 104, '4234732', '', '', 'EVENTUAL', 1, 'CT', '', '', '', '', '49', '0.000', 'SOLES', '0.000', 0, '', '', ''),
(49, 'MAKINE SAC', 'MAKINE', '2019-02-13 16:53:03', 'RUC', 20550760658, 'AV. MORRO SOLAR NRO. 948 RES. SANTA TERESA', 129, '3720484', '', '', 'EVENTUAL', 1, 'GR', '', '', '', '', '49', '0.000', 'DOLARES', '1885.640', 0, '', '', 'COORDINADORA DE ADMINISTRACIÓN\r\nCELULAR: 983542117 – TELF. 3720484 ANEXO 305'),
(50, 'CUEVA GOMEZ SEGUNDO MIGUEL', 'CUEVA SEGUNDO', '2019-02-13 16:53:03', 'LE-DNI', 8418446, 'CAL.PUMACAHUA NRO. 548 URB. SAN AGUSTIN', 98, '', '', '', 'EVENTUAL', 1, 'CV', '', '', '', '', '49', '0.000', 'DOLARES', '1180.140', 0, '', '', ''),
(51, 'CHIRA NAVARRO OTO EUSEBIO', 'CHIRA NAVARRO', '2019-02-13 16:53:03', 'LE-DNI', 22305601, 'JR. MARIANO ANGULO NRO. 2362 MIRONES BAJO (ALT.CDRA 22)', 104, '', '', '', 'EVENTUAL', 1, 'GR', '', '', '', '', '49', '0.000', 'DOLARES', '0.000', 0, '', '', 'PERSONAL GRUPO REAL CT RUC 10223056011'),
(52, 'SCHARFF LOGISTICA INTEGRADA SA', 'SCHARFF', '2019-02-13 16:53:03', 'RUC', 20463958590, 'CAL.LOS CEDROS NRO. 143 FND. BOCANEGRA', 173, '981355730', '', '', 'EVENTUAL', 1, 'ED', 'ROBERTLAU', '', '', '', '49', '0.000', 'DOLARES', '0.000', 0, '', '', ''),
(53, 'UNIVERSIDAD DE INGENIERÍA Y TECNOLOGÍA', 'UTEC', '2019-02-13 16:53:03', 'RUC', 20545990998, 'AV. CASCANUECES N° 2221', 126, '', '', '', 'EVENTUAL', 1, 'GR', '', '', '', '', '49', '0.000', 'DOLARES', '0.000', 0, '', '', ''),
(54, 'CEPSA PERUANA  S.AC.', 'CEPSA', '2019-02-13 16:53:03', 'RUC', 20516908930, 'AV. RICARDO RIVERA NAVARRETE 501 - PISO 18', 120, '2199768', '2199700', '29468', 'EVENTUAL', 1, 'CT', 'LUIS ALBERTO LEON ALTAMIRANO', '', '', 'luis.leon@cepsa.com', '49', '0.000', 'DOLARES', '0.000', 0, '', '', 'JEFE DE COMPRAS. CELULAR 978111251'),
(55, 'LOS UNIDOS DE JOSE GRANDEZ', 'UNIDOS GRANDEZ', '2019-02-13 16:53:03', 'RUC', 1025625389, 'LOS ALAMOS 56', 104, '3356892', '', '', 'EVENTUAL', 1, 'CT', '', '', '', '', '49', '0.000', 'DOLARES', '0.000', 0, '', '', ''),
(56, 'JOSE GRANDEZ', 'JOSE GRANDEZ', '2019-02-13 16:53:03', 'RUC', 10280982, 'CALLE BAHIA 166', 113, '3393047', '', '', 'EVENTUAL', 1, 'CT', '', '', '', '', '49', '0.000', 'DOLARES', '0.000', 0, '', '', ''),
(57, 'GILBONIO TELLO CESAR ALBERTO', 'GILBONIO TELLO', '2019-02-13 16:53:03', 'LE-DNI', 9284340, 'AV. ESTADOS UNIDOS NRO. 142 URB. HUAQUILLAY', 104, '', '', '', 'EVENTUAL', 1, 'CV', '', '', '', '', '49', '0.000', 'DOLARES', '0.000', 0, '', '', ''),
(58, 'UNION CARTONERA S.R.L.', 'UNION CARTONERA', '2019-02-13 16:53:03', 'RUC', 20469147593, 'CALLE SANTA ROSA NRO. E INT. 23 COO. UMAMARCA', 122, '2525573', '998307437', '', 'EVENTUAL', 1, 'GR', 'EMILIO BALBIN DAMAS', '', '', '', '49', '0.000', 'DOLARES', '0.000', 0, '', '', ''),
(59, 'TROPIC SERVICE EIRL', 'TROPIC', '2019-02-13 16:53:03', 'RUC', 20493238320, 'CALLE HUALLAGA 225', 104, '', '', '', 'EVENTUAL', 1, 'GR', 'JUAN PINTO', '', '', '', '49', '0.000', 'DOLARES', '0.000', 0, '', '', '65223278'),
(60, 'ANTALIS PERU S.A.', 'ANTALIS', '2019-02-13 16:53:03', 'RUC', 20259661553, 'DOMINGO ORUE 915', 130, '2416000', '', '', 'EVENTUAL', 1, 'ED', '', '', '', '', '49', '0.000', 'DOLARES', '0.000', 0, '', '', ''),
(61, 'CORPORACION PAPELERA Y AFINES GRAFICOS S.A.C.', 'CORP. PAPELERA', '2019-02-13 16:53:03', 'RUC', 20392694499, 'JR. GERONA NRO. 179 URB. HIGUERETA', 129, '969344515', '', '', 'EVENTUAL', 1, 'CV', 'CARMEN ROSA PEÑA', '', '', '', '49', '0.000', 'DOLARES', '0.000', 0, '', '', 'CONTACTO: CARMEN ROSA PEÑA - MOVIL 969344515'),
(62, 'PLAZA VEA ORIENTE SAC', 'PLAZA VEA', '2019-02-13 16:53:03', 'RUC', 20601233488, 'AV. CENTENARIO MZ 365 YARINACOCHA', 183, '', '', '', 'EVENTUAL', 1, 'CT', 'SUPERMERCADOS PERUANOS', '', '', '', '35', '0.000', 'DOLARES', '8065.300', 0, '', '', ''),
(63, 'SABORES AYNI S.A.C.', 'SABORES AYNI', '2019-02-13 16:53:03', 'RUC', 20600747356, 'CALLE LUIS GRAÑA 180', 119, '', '', '', 'EVENTUAL', 1, 'CT', '', '', '', '', '49', '0.000', 'DOLARES', '2808.400', 0, '', '', ''),
(64, 'COMPUTEXTOS S.A.C.', 'COMPUTEXTOS', '2019-02-13 16:44:28', 'RUC', 20100841305, ' AV. AREQUIPA 1583', 105, '', '', '', 'EVENTUAL', 1, 'ED', '', '', '', '', '74', '0.000', 'SOLES', '229310.680', 0, '', '', 'ES SOLO PARA ORDENES INTERNAS'),
(65, 'JRL HOLDING SAC', 'HOLDING', '2019-02-13 16:44:28', 'RUC', 20551520804, ' AV. AREQUIPA NRO. 1583', 105, '', '', '', 'EVENTUAL', 1, 'ED', '', '', '', '', '49', '0.000', 'DOLARES', '0.000', 0, '', '', ''),
(66, 'LO MEJOR DEL MUELLE S.A.C', 'MUELLE', '2019-02-13 16:44:28', 'RUC', 20600834348, ' AV. LOS CONQUISTADORES NRO. 489', 120, '', '', '', 'EVENTUAL', 1, 'ED', '', '', 'RESTAURANTE', '', '35', '0.000', 'DOLARES', '3525.840', 50, '', '', ''),
(67, 'RAVALT S.R.L.', 'RAVALT', '2019-02-13 16:44:28', 'RUC', 20104710361, ' JUNIN 148', 184, '214929', '826*3425', '', 'EVENTUAL', 1, 'ED', 'OLINDA', '', '', '', '39', '0.000', 'DOLARES', '1298.000', 0, '', '', ''),
(68, 'AMERICA MOVIL PERU SAC', 'AMERICA MOVIL', '2019-02-13 16:44:28', 'RUC', 20467534026, 'AV. NICOLÁS ARRIOLA 480. SANTA CATALINA', 103, '16131000', '', '7126', 'EVENTUAL', 1, 'ED', 'PAULA CORTIJO ', 'COMPRAS', 'TELEFONIA', '', '49', '0.000', 'SOLES', '104140.900', 65, '', '', 'LAS FACTURAS DEJARLAS EN HORACIO CACHAY 271 STA. CATALINA , AV. NICOLÁS ARRIOLA N° 480 URB. SANTA CATALINA C/R SRTA. GRACE GALICIA ANEX7763 PROLONGACION ANTEQUERA GUZMAN 8036'),
(69, 'COBEÑAS ALBERCA MARIA ELENA', 'MARIA COBEÑAS', '2019-02-13 16:44:28', 'LE-DNI', 40990815, 'LIMA', 104, '', '', '', 'EVENTUAL', 1, 'ED', '', '', '', '', '49', '0.000', 'DOLARES', '55.040', 0, '', '', ''),
(70, 'COBEÑAS ALBERCA VIOLETA', 'VIOLETA COBEÑAS', '2019-02-13 16:44:28', 'LE-DNI', 6794326, 'LA VICTORIA', 103, '', '', '', 'EVENTUAL', 1, 'ED', '', '', '', '', '49', '0.000', 'DOLARES', '184.100', 0, '', '', ''),
(71, 'SANDRA G. RODRIGUEZ VIZCARRA', 'SANDRA RODRIGUEZ', '2019-02-13 16:44:28', 'LE-DNI', 7863925, 'MIRAFLORES', 110, '', '', '', 'EVENTUAL', 1, 'ED', '', '', '', '', '49', '0.000', 'DOLARES', '1497.540', 0, '', '', ''),
(72, 'DIGITAL DISPLAY SAC', 'DIGITAL', '2019-02-13 16:44:28', 'RUC', 20565677986, 'MZA.E LOTE 7 COO.DE COLONIZACION LAS VERTIENTES DE LURIN', 131, '', '', '', 'EVENTUAL', 1, 'ED', 'FEDERICO GARCIA', '', '', '', '74', '0.000', 'DOLARES', '5664.000', 0, '', '', 'ATIENDE ALAN LAVANDA'),
(73, 'ADGRAFIC S.A.C.', 'ADGRAFIC', '2019-02-13 16:41:33', 'RUC', 20601820120, ' PROLONGACION IQUITOS NRO. 1400', 105, '12313926', '', '', 'EVENTUAL', 1, 'ER', '', '', '', '', '54', '0.000', 'DOLARES', '0.000', 0, '', '', 'ELVIS 960669699'),
(74, 'ASEPTIC PERUVIAN FRUIT S.A.', 'ASEPCTIC PERUVIAN', '2019-02-13 16:41:33', 'RUC', 20600459946, ' AV. ROCA VERGALLO 170 URB. ORRANTIA', 109, '', '', '', 'EVENTUAL', 1, 'ER', '', '', '', '', '39', '0.000', 'DOLARES', '1814.840', 0, '', '', ''),
(75, 'AZ DISEÑO S.A.C.', 'AZ DISEÑO', '2019-02-13 16:41:33', 'RUC', 20500333252, ' JORGE VANDERGHEN 257 DPTO 502', 110, '', '', '', 'EVENTUAL', 1, 'ER', '', '', '', '', '39', '0.000', 'DOLARES', '562.860', 0, '', '', ''),
(76, 'FORMAS UNIVERSALES S.A.C.', 'FORMAS UNIVERSALES', '2019-02-13 16:41:33', 'RUC', 20509962392, ' CALLE CONSTELACION AUSTRAL 149 URB LA CAMPIÑA', 96, '12514250', '', '214', 'EVENTUAL', 1, 'ER', '', '', '', '', '28', '0.000', 'DOLARES', '33314.630', 0, '', '', 'ENRIQUE PAEZ ES EL GERENTE Y JULIO MEDINA EL JEFE DE PRODUCCION'),
(77, 'HARAS RANCHO SUR SAC', 'HARAS RANCHO', '2019-02-13 16:41:33', 'RUC', 20341717265, ' CAL.DE LA. ROCA DE VERGALLO 170 URB.ORRANTIA', 120, '17008401', '', '', 'EVENTUAL', 1, 'ER', '', '', '', '', '54', '0.000', 'DOLARES', '0.000', 0, '', '', ''),
(78, 'LT EDITORA FUTURO S.R.L', 'EDITORA FUTURO', '2019-02-13 16:41:33', 'RUC', 20257724582, ' JOSE DE LA TORRE UGARTE 295 OF 201', 105, '14226663', '', '', 'PERMANENTE', 1, 'ER', 'LEONIDAS TELENTA', '', '', '', '54', '1000.000', 'SOLES', '0.000', 30, '', '', ''),
(79, 'SERICRISA S.A.C.', 'SERICRISA', '2019-02-13 16:41:33', 'RUC', 20504282903, ' CAL. GENERAL VIDAL 827', 93, '14337097', '13323714', '', 'EVENTUAL', 1, 'ER', 'JULIO ADRIANZEN', 'ASESOR', '', '', '39', '0.000', 'DOLARES', '13716.320', 30, 'LETRA', '', 'JR.IQUITOS 665 -401 SAN MARTIN DE PORRES, CELULAR SRA. MARIA LUZ 994205791'),
(80, 'TERMINAL DE CRUCEROS BAHIA', 'CRUCERO BAHIA', '2019-02-13 16:41:33', 'RUC', 20602129625, ' CAL. ROCA DE VERGALLO 170', 109, '', '', '', 'EVENTUAL', 1, 'ER', '', '', '', '', '49', '0.000', 'DOLARES', '2570.520', 0, '', '', ''),
(81, 'PERURAIL S.A.', 'PERURAIL', '2019-02-13 16:41:33', 'RUC', 20431871808, 'AV. ARMENDARIZ NRO. 480 INT. 501', 110, '16126700', '', '', 'EVENTUAL', 1, 'ER', 'RENATO ARAUCO', '', 'SERVICIO DE TRENES', '', '49', '6000.000', 'DOLARES', '330.400', 30, '', 'FACTURA', 'JR.IQUITOS 665 -401 SAN MARTIN DE PORRES, CELULAR SRA. MARIA LUZ 994205791'),
(82, 'ENRIQUEZ ZEGARRA RAUL ANTONIO', 'ENRIQUEZ ZEGARRA', '2019-02-13 16:41:33', 'LE-DNI', 10584568, 'MZA. D3 LOTE. 4 A.H. VTA. ALEGRE DE VILLA', 96, '', '', '', 'EVENTUAL', 1, 'ER', '', '', '', '', '49', '0.000', 'DOLARES', '1609.280', 0, '', '', ''),
(83, 'LOURDES MARTINEZ', 'LOURDES MARTINEZ', '2019-02-13 16:41:33', 'RUC', 11111111111, 'JR. GENERAL ORBEGOSO NRO. 271', 113, '', '', '', 'EVENTUAL', 1, 'ER', '', '', '', '', '49', '0.000', 'DOLARES', '0.000', 0, '', '', 'SE ABRE ESTE CLIENTE PARA FACTURAR CON BOLETA A LA EMPRESA AKTIVA PRINT'),
(84, 'ASOCIACION DEPORTIVA LIMA MARINA CLUB    ', 'ADLMC', '2019-02-13 16:41:33', 'RUC', 20517583821, 'CALLE ROCA DE VERGALLO 170', 109, '12061308', '977662276', '', 'EVENTUAL', 1, 'ER', 'IVAN SOCUALAYA', '', '', '', '49', '0.000', 'DOLARES', '0.000', 0, '', '', ''),
(85, 'VISION LARCO S.A.C.', 'VISION LARCO', '2019-02-13 16:41:33', 'RUC', 20545729211, 'AV. ROCA DE VERGALLO 170 URB.ORRANTIA', 109, '', '', '', 'EVENTUAL', 1, 'ER', '', '', '', '', '49', '0.000', 'DOLARES', '64.900', 0, '', '', ''),
(86, 'EDITORIAL COVEÑAS S.A.C.', 'EDITORIAL COVEÑAS', '2019-02-13 16:41:33', 'RUC', 20295346591, 'CALLE LA PASIONARIA 3930 - URB. LAS PALMERAS', 106, '14867957', '15240949', '', 'EVENTUAL', 1, 'ER', 'MANUEL COVEÑAS NAQUICHE', 'GERENTE GENERAL', '', 'central_m@hotmail.com', '49', '0.000', 'DOLARES', '0.000', 0, '', '', ''),
(87, 'ALRILARA EIRL', 'ALRILARA', '2019-02-13 16:41:33', 'RUC', 20556730718, 'JR. MANUEL SEGURA NRO. 681', 105, '', '', '', 'EVENTUAL', 1, 'ER', '', '', '', '', '49', '0.000', 'DOLARES', '0.000', 0, '', '', 'JR. CARABAYA 719 OF. 312 LIMA'),
(88, '3P ALIANZA GRAFICA S.A.C.', 'ALIANZA GRAFICA', '2019-02-13 16:35:07', 'RUC', 20600618327, ' AV. ALAMEDA SUR NRO. 1320 URB. LOS CEDROS', 104, '', '', '', 'EVENTUAL', 1, 'GR', '', '', '', '', '74', '0.000', 'DOLARES', '0.000', 0, '', '', ''),
(89, 'ACCESORIOS FUNCIONALES S.A.C', 'ACCESORIOS', '2019-02-13 16:35:07', 'RUC', 20601270723, ' CAL LOS ALCANFORES NRO 720 DPTO 305 URB. LEURO', 104, '', '', '', 'EVENTUAL', 1, 'CT', '', '', '', '', '39', '0.000', 'DOLARES', '0.000', 0, '', '', ''),
(90, 'ASAP CONSULTING GROUP S.A.C.', 'ASAP CONSULTING', '2019-02-13 16:35:07', 'RUC', 20506288178, ' LUIS FELIPE VILLARAN 228', 120, '14411559', '', '22', 'PERMANENTE', 1, 'GR', 'EZZAR CHIPANA', '', '', 'ECHIPANA@Asap-peru.com', '54', '0.000', 'DOLARES', '0.000', 0, '', '', ''),
(91, 'CONCEPTOS EIRL', 'CONCEPTOS', '2019-02-13 16:35:07', 'RUC', 20493075196, ' JR. JACARANDA 795 DPTO.301 URB. VALL.HERMOZ DE MONTER. ', 104, '987836399', '', '', 'EVENTUAL', 1, 'GR', 'ROCIO AVILA', '', '', '', '54', '3000.000', 'DOLARES', '0.000', 30, 'LETRA', '', '403*960 ALINA SANTOS - ROCIO AVILA O ELIZABETH INOQUIO'),
(92, 'CORPORACIÓN RANCHO GRANDE S.A.C.', 'RANCHO GRANDE', '2019-02-13 16:35:07', 'RUC', 20515113283, ' BOLOGNESI 530', 109, '966778586', '', '', 'EVENTUAL', 1, 'GR', 'SILVIA BERGER', '', '', '', '54', '0.000', 'DOLARES', '0.000', 0, '', '', ''),
(93, 'EXPLORANDES S.A.C', 'EXPLORANDES', '2019-02-13 16:35:07', 'RUC', 20110044667, ' CAL.SAN FERNANDO NRO. 287 URB. ARMENDARIZ', 110, '14450532', '', '', 'EVENTUAL', 1, 'GR', '', '', '', '', '39', '0.000', 'SOLES', '0.000', 0, '', '', 'ANTES CMDTE. ARISTIDES ALJOVIN 484'),
(94, 'KIMSA MEDIA S.R.L.', 'KIMSA', '2019-02-13 16:35:07', 'RUC', 20454662645, ' CAL CIUDAD REALRN 161 DPTO101 URB. HIGUERA', 129, '12656345', '997566010', '', 'EVENTUAL', 1, 'GR', 'MIGUEL RUBINA', '', '', '', '54', '0.000', 'DOLARES', '0.000', 0, '', '', '992105190 RICHARD GUILLEN, CALLE VALPARAIZO 171 DPTO, 101 URB. SANTA PATRICIA LA MOLINA'),
(95, 'SHARK BTL S.A.C', 'SHARK', '2019-02-13 16:35:07', 'RUC', 20524922119, ' AV. ALFREDO BENAVIDES NRO. 1180 URB. SAN ANTONIO', 110, '12444913', '989210538', '', 'EVENTUAL', 1, 'GR', 'DENIS CABALLERO', '', '', '', '39', '0.000', 'DOLARES', '0.000', 0, '', '', 'PAGOS TERESA PALACIO, ANTRS 7198965'),
(96, 'TRUPAL S.A.', 'TRUPAL', '2019-02-13 16:35:07', 'RUC', 20418453177, ' AV. EVITAMIENTO 3636', 99, '14707170', '13852042', '', 'EVENTUAL', 1, 'GR', '', '', '', '', '49', '0.000', 'DOLARES', '67709.340', 0, '', '', 'GRUPO GLORIA   CENTRAL DE TRUPAL 3852043, CONTADORA MERY VALVA ANEXO 6236  NUMERAL 357993'),
(97, 'XEROX DEL PERU S.A.', 'XEROX', '2019-02-13 16:35:07', 'RUC', 20100119065, ' AV. DIONISIO DERTEANO NRO. 144 DPTO. B INT. 1001 URB. SANTA ANA', 120, '16166666', '', '', 'EVENTUAL', 1, 'GR', 'DANIEL GABILLO', '', '', '', '39', '0.000', 'DOLARES', '0.000', 0, '', '', ''),
(98, 'CORPORACION GRAFICA UNIVERSAL SAC', 'GRAFICA UNIVERSAL', '2019-02-13 16:35:07', 'RUC', 20544680081, 'PRO.MARISCAL NIETO NRO. 168 URB. LOS SAUCES', 30, '16372474', '', '', 'EVENTUAL', 1, 'GR', 'JULIO MAGUIÑA', '', '', '', '49', '1500.000', 'DOLARES', '0.000', 30, 'FACTURA', '', 'ANTERIOR DIRECCION AV. MILITAR 2224 - LINCE DIREC.ANTERIOS CALLE LOS CORALES 214 BALCONCILLO LIMA'),
(99, 'NEYRA SARAVIA JULIO', 'NEYRA SARAVIA', '2019-02-13 16:35:07', 'LE-DNI', 6233758, 'LIMA', 105, '', '', '', 'EVENTUAL', 1, 'GR', '', '', '', '', '49', '0.000', 'DOLARES', '95.990', 0, '', '', ''),
(100, 'TRU DESIGN S.A.C.', 'TRU DESIGN', '2019-02-13 16:35:07', 'RUC', 20557126113, 'AV. SAN MARTÍN 215 DPTO 3A', 92, '15977532', '', '', 'EVENTUAL', 1, 'GR', 'MAURICIO CORSO', '', 'ESTUDIO DE ARQUITECTOS', '', '49', '0.000', 'DOLARES', '0.000', 0, '', '', 'MAURICIO CORSO LLEGA A CONTACTARNOS POR RECOMENDACIONES. SU TELÉFONO CELULAR ES 969565646'),
(101, 'HUAMAN LEIVA HERBERT', 'HUAMAN LEYVA', '2019-02-13 16:35:07', 'LE-DNI', 8109563, 'CAL.LOS HEROES NRO. 500 URB. LOS ANGELES', 104, '', '', '', 'EVENTUAL', 1, 'GR', '', '', '', '', '49', '0.000', 'DOLARES', '1394.710', 0, '', '', ''),
(102, 'LUIS LLERENA', 'LUIS LLERENA', '2019-02-13 16:35:07', 'LE-DNI', 20456826, 'AVENIDA 7 NRO. 229, URB. RINCONADA BAJA', 102, '12259005', '', '146', 'EVENTUAL', 1, 'GR', '', '', '', 'lllerena@serfor.gob.pe', '49', '0.000', 'DOLARES', '0.000', 0, '', '', ''),
(103, 'HELMER ARAGON ORTIZ', 'HELMER ARAGON', '2019-02-13 16:35:07', 'RUC', 10081002873, 'TACNA 329 OF 903', 104, '14823827', '', '', 'EVENTUAL', 1, 'GR', '', '', '', '', '49', '0.000', 'DOLARES', '0.000', 0, '', '', 'HELMER ARAGON ORTIZ ES EL CONTACTO, ES EL GERENTE DE LA EMPRESA'),
(104, 'UR STAR SAC', 'UR STAR', '2019-02-13 16:32:25', 'RUC', 20524666953, ' AV. LIBERTAD 2350', 125, '', '', '', 'EVENTUAL', 1, 'RO', 'MELISSA FLORES', '', '', '', '39', '0.000', 'DOLARES', '0.000', 0, '', '', ''),
(105, 'ALONSO PONCE DE LEON', 'ALONSO PONCE ', '2019-02-13 16:32:25', 'LE-DNI', 10194027, 'JR. DANIEL HERNANDEZ 437 URB. COVIDA', 106, '', '', '', 'PERMANENTE', 1, 'RO', '', '', '', '', '74', '0.000', 'DOLARES', '0.000', 0, '', '', 'VENTA DE PAPEL REFILE'),
(106, 'JOSE RAMOS LEDESMA', 'JOSE RAMOS', '2019-02-13 16:32:25', 'LE-DNI', 7608566, 'AV. J.PRADO 2582-2586', 119, '12241641', '14758310', '', 'EVENTUAL', 1, 'RO', 'SR RAMOS', '', '', 'jrl@computextos.com.pe', '74', '0.000', 'DOLARES', '5.000', 0, '', '', ''),
(107, 'ENRIQUE OTOYA VALDERRAMA', 'ENRIQUE OTOYA', '2019-02-13 16:32:25', 'RUC', 10100863305, 'JR. ANGARES 425', 104, '13393513', '992816370', '', 'EVENTUAL', 1, 'RO', '', '', '', '', '49', '0.000', 'DOLARES', '0.000', 0, '', '', 'COMPRA PLACAS USADAS'),
(108, 'HERMINIO DELGADO PRADO', 'HERMINIO DELGADO', '2019-02-13 16:32:25', 'LE-DNI', 80560335, 'AV. AREQUIPA 1626', 105, '980858031', '', '', 'EVENTUAL', 1, 'RO', '', '', '', '', '49', '0.000', 'DOLARES', '0.000', 0, '', '', ''),
(109, 'INVERSIONES BARLOVENTO SAC', 'INVERSIONES BARLOVEN', '2019-02-13 16:32:25', 'RUC', 20409907718, 'KILOMETRO 20.5 PANAMERICANA', 131, '12540073', '12540615', '', 'EVENTUAL', 1, 'RO', 'NATALIA UGARTE', '', '', '', '49', '0.000', 'DOLARES', '0.000', 0, '', '', '9835*3449'),
(110, 'JOYA RODRIGUEZ CARLOS ERNESTO', 'JOYA RODRIGUEZ', '2019-02-13 16:32:25', 'LE-DNI', 8348084, 'CAL.VELASQUEZ S/N URB. SAN BORJA', 119, '', '', '', 'EVENTUAL', 1, 'RO', 'MILAGROS SALINAS', '', '', '', '49', '0.000', 'DOLARES', '0.000', 0, '', '', 'CONTACTO EN COLEGIO SAN FRANCISCO DE BORJA'),
(111, 'CONTINENTAL TRAVEL SAC', 'TRAVEL', '2019-02-13 16:23:46', 'RUC', 20267781151, ' CALLE MARIANO DE LOS SANTOS 198, INT. 204', 120, '16169098', '', '', 'EVENTUAL', 1, 'CV', '', '', '', '', '49', '0.000', 'DOLARES', '0.000', 0, '', '', ''),
(112, 'HEIDELBERG PERU S.A.', 'HEIDELBERG', '2019-02-13 16:23:46', 'RUC', 20431003946, ' AV. BOLIVIA 1227', 93, '6148181', '', '', 'EVENTUAL', 1, 'CV', '', '', '', '', '49', '0.000', 'DOLARES', '0.000', 0, '', '', ''),
(113, 'UNITED ASSISTANCE SAC', 'UNITED', '2019-02-13 16:23:46', 'RUC', 20513917997, 'AV. RICARDO PALMA 341 OF. 902', 110, '14462001', '14463432', '', 'EVENTUAL', 1, 'CV', '', '', '', '', '49', '0.000', 'DOLARES', '0.000', 0, '', '', ''),
(114, 'NANCY LUZ CAHUACHIA CURASI', 'NANCY CAHUACHIA', '2019-02-13 16:23:46', 'LE-DNI', 4647418, 'LIMA', 104, '', '', '', 'EVENTUAL', 1, 'CV', '', '', '', '', '49', '0.000', 'DOLARES', '0.000', 0, '', '', 'NO TIENE DIRECCION'),
(115, 'MIREYA SOUZA', 'MIREYA SOUZA', '2019-02-13 16:23:46', 'LE-DNI', 8562919, 'LIMA', 104, '', '', '', 'EVENTUAL', 1, 'CV', '', '', '', '', '49', '0.000', 'DOLARES', '0.000', 0, '', '', ''),
(116, 'DOMIRUTH TRAVEL SERVICE SAC', 'DOMIRUTH', '2019-02-13 16:23:46', 'RUC', 20100999430, 'AV. PETIT THOUARS 4305', 110, '16106010', '', '', 'EVENTUAL', 1, 'CV', 'LIVIA', '', '', '', '49', '0.000', 'DOLARES', '0.000', 0, '', '', ''),
(117, 'RUCELA DE LOS ANGELES LOPEZ', 'RUCELA ANGELES', '2019-02-13 16:23:46', 'PAS', 1415014, 'LIMA', 104, '', '', '', 'EVENTUAL', 1, 'CV', '', '', '', '', '49', '0.000', 'DOLARES', '0.000', 0, '', '', ''),
(118, 'ALEJANDRO RAMOS RAMOS', 'ALEJANDRO RAMOS', '2019-02-13 16:23:46', 'LE-DNI', 8243962, 'AV. AREQUIPA 1577', 105, '', '', '', 'EVENTUAL', 1, 'CV', '', '', '', '', '49', '0.000', 'DOLARES', '107.290', 0, '', '', ''),
(119, 'CONDEMARIN ROSAS CARLOS REINALDO', 'CARLOS CONDEMARIN', '2019-02-13 16:23:46', 'LE-DNI', 7614619, 'JR. RISSO NRO. 427', 105, '', '', '', 'EVENTUAL', 1, 'CV', '', '', '', '', '49', '0.000', 'DOLARES', '337.000', 0, '', '', ''),
(120, 'LUZ VICTORIA RODRIGUEZ MANRIQUE', 'LUZ RODRIGUEZ', '2019-02-13 16:23:46', 'LE-DNI', 7556746, 'AV MARISCAL MILLER N° 1561', 105, '', '', '', 'EVENTUAL', 1, 'CV', '', '', '', '', '49', '0.000', 'DOLARES', '0.000', 0, '', '', ''),
(121, 'NANCY CAMPANA SALDAÑA', 'NANCY CAMPANA', '2019-02-13 16:23:46', 'LE-DNI', 7571418, 'LINCE', 105, '', '', '', 'EVENTUAL', 1, 'CV', '', '', '', '', '49', '0.000', 'DOLARES', '0.000', 0, '', '', ''),
(122, 'MANDALAY ASSISTANCE SAC', 'MANDALAY', '2019-02-13 16:23:46', 'RUC', 20602766722, 'CALLE JOSE PAYAN 654', 113, '15236368', '17390760', '', 'EVENTUAL', 1, 'CV', 'KATHERIN MURILLO GONZALES', 'REPRESENTANTE', 'SEGUROS', '', '49', '0.000', 'DOLARES', '0.000', 0, '', '', ''),
(123, 'GLOBAL CORPORACION INTERNACIONAL E.I.R.L.', 'GLOBAL ', '2019-02-13 16:23:46', 'RUC', 20555938099, 'PSJE. MARTIR OLAYA 169 OFICINA 904', 110, '12432827', '', '', 'EVENTUAL', 1, 'CV', '', '', '', '', '49', '0.000', 'DOLARES', '0.000', 0, '', '', ''),
(124,'IMPRESION ARTE Y DISEÑO S.A.C.','IMP ARTE Y DISEÑO','2019-03-8 12:33:17','RUC',20527231753,'N.578 INT 3-4 CUESTA STA ANA - ANTES ARCO SUBIENDO MANO DERECHA',185,248014,'',84,'EVENTUAL',1,'GR','','','','',54,0,'DOLARES',0,0,'','','ES LO MISMOS QUE EDITORIAL ANDINA'),
(125, 'INDUSTRIAS GRAFICAS CIMAGRAF SAC', 'IND GRAFICAS CINEMAT', '2019-03-08 12:33:17', 'RUC', 20136492277, 'PJ. SANTA ROSA NRO. 140 SEC. SANTA ANGELICA', 91, '2650453', '', '', 'EVENTUAL', 1, 'CT', 'PERCY ESTEBAN', 'COORDINADOR', 'IMPRENTA', 'servicioalcliente@cim.c.p', '74', '0.000', 'DOLARES', '0.000', 30, 'FACTURA', '', 'CONTACTO_ SRTA,. YSABEL AYALA  ATE 6303838 ANEXO 2008 - O SR. FREDY SAMANIEGO ANTIGUA DIRECCION JR. TORRES PAZ NRO. 1252 URB. LIMA - LIMA, TODA MERCADERIA DEBE SER ENTREGADA CON FOTOCOPIA DE GUIA DE REMISION, LOS ORIGINALES DEBEN ENTREGARSE OBLIGATORIAMENTE  CON LA FACTURA.'),
(126, 'INSTITUTO OFTALMOSALUD S.A.C.', 'OFTALMOSALUD', '2019-03-08 12:33:17', 'RUC', 20205557181, 'AV. JAVIER PRADO ESTE NRO. 1142 URB. CORPAC LIMA', 104, '2241363', '', '', 'EVENTUAL', 1, 'CT', 'CARLOS CASTAÑEDA', '', '', '', '54', '0.000', 'DOLARES', '0.000', 0, '', '', ''),
(127, 'JOCKEY CLUB DEL PERU', 'JOCKEY CLUB', '2019-03-08 12:33:17', 'RUC', 20100152275, 'AV. EL DERBY NRO.. SN INT. PTA3 URB. MONTERRICO', 129, '6103011', '6103001', '6103002', 'EVENTUAL', 1, 'CT', '', '', '', '', '49', '0.000', 'DOLARES', '0.000', 0, '', '', 'SRA. DORIS ASISTENTE DE PRESIDENCIA 6103000'),
(128, 'KEY PEOPLE S.A.C.', 'KEY PEOPLE', '2019-03-08 12:33:17', 'RUC', 20548892598, 'CAL.ALAMEDA EL SERENO MZA. K LOTE. 41 INT. 6', 96, '7470545', '', '', 'EVENTUAL', 1, 'GR', '', '', '', '', '54', '0.000', 'DOLARES', '0.000', 0, '', '', 'EL MISMO QUE SHOCK MKT'),
(129,'LA POSITIVA S.A. EPS','LA POSITIVA SA','2019-03-8 12:33:17','RUC',20601978572,'CAL. FRANCISCO MASIAS 360',120,'','','','EVENTUAL',1,'CT','','','','',39,0,'DOLARES',0,0,'','',''),
(130, 'LASINO S.A.', 'LASINO', '2019-03-08 12:33:17', 'RUC', 20388829452, 'AV. JAVIER PRADO OESTE 1650', 120, '4213450', '', '', 'PERMANENTE', 1, 'CT', 'FABIOLA ARRIAGA', '', 'FRANQUICIA DE CAFÉ Y OTRO', '', '35', '1000.000', 'DOLARES', '4048.810', 60, '', '', 'FABIOLA MORALES'),
(131, 'LOY SING SAC', 'LOY SING', '2019-03-08 12:33:17', 'RUC', 20518792360, 'AV. JAVIER PRADO OESTE 1650', 120, '', '', '', 'EVENTUAL', 1, 'CT', 'VICTOR SANCHEZ', '', '', '', '35', '0.000', 'DOLARES', '0.000', 0, '', '', 'GRUPO DELOSI'),
(132, 'MESSER GASES DEL PERU SA', 'MEESER', '2019-03-08 12:33:17', 'RUC', 20382072023, 'AV ARGENTINA 2228', 173, '4131000', '', '1042', 'EVENTUAL', 1, 'ER', 'FERNANDO MESARINA', '', '', '', '48', '0.000', 'DOLARES', '0.000', 0, '', '', 'PAGO CONTRA ENTREGA, NEXTEL CONTACTO 407*4648'),
(133, 'MIBANCO   BANCO DE LA MICROEMPRESA S.A.', 'MIBANCO', '2019-03-08 12:33:17', 'RUC', 20382036655, 'CAL. DOMINGO ORUE NRO. 165 RES. URB. LIMATAMBO', 130, '4244646', '', '', 'EVENTUAL', 1, 'CT', '', 'GERENCIA DE MARKETING', 'BANCO', '', '54', '2000.000', 'DOLARES', '75989.490', 30, 'FACTURA', '', 'CAL. DOMINGO ORUE NRO. 165 RES. URB. LIMATAMBO (ALTURA CDRA. 42 PASEO DE LA REPUBLICA) LIMA - LIMA   SURQUILLO.'),
(134, 'MNS TEXTILES S.A.C', 'MNS', '2019-03-08 12:33:17', 'RUC', 20562952757, 'AV. LAS LOMAS # 636 INT.A-1 URB. ZARATE', 121, '2661190', '', '', 'EVENTUAL', 1, 'CT', '', '', '', '', '54', '0.000', 'DOLARES', '0.000', 0, '', '', ''),
(135, 'NEOSALUD S.A.C.', 'NEOSALUD', '2019-03-08 12:33:17', 'RUC', 20514196428, 'TRINIDAD Y MORAN 570 ', 105, '', '', '', 'EVENTUAL', 1, 'GR', '', '', '', '', '54', '0.000', 'DOLARES', '6233.940', 0, '', '', ''),
(136, 'OFICINA INTERNACIONAL DEL TRABAJO', 'OIT', '2019-03-08 12:33:17', 'RUC', 20507781692, 'LAS FLORES 295', 120, '6150300', '', '', 'PERMANENTE', 1, 'CT', 'MILAGROS JIMENEZ', '', '', '', '49', '5000.000', 'DOLARES', '0.000', 20, 'FACTURA', '', 'MILAGROS JIMENEZ CEL 8112638 - CLIENTE C/CRED. DE IMPRESION DIGITAL SE LE AVISA DE CUALQUIER CONSULTA EN PAGOS A SRA.MILAGROS JIMENES CAJA ANEXO 378'),
(137, 'ORGANISMO SUP. DE LA INV. EN ENERGIA Y MINERIA OSINERGMIN', 'OSINERGMIN', '2019-03-08 12:33:17', 'RUC', 20376082114, 'CAL. BERNARDO MONTEAGUDO NRO. 222 RES.', 109, '2193400', '2193420', '', 'EVENTUAL', 1, 'CT', '', '', '', '', '39', '0.000', 'DOLARES', '0.000', 0, '', '', 'WWW.OSINERG.GOB.PE - ABONO DIRECTO EN CTA. ENVIAR CODIGO INTERBANCARIA CCI'),
(138, 'PACIFICO COMPA IA DE SEGUROS Y REASEGUROS', 'PACIFICO', '2019-03-08 12:33:17', 'RUC', 20332970411, 'AV. JUAN DE ARONA 830', 120, '5184500', '', '', 'EVENTUAL', 1, 'CT', 'VERONICA CABRERA', '', '', '', '49', '5000.000', 'SOLES', '0.000', 30, 'FACTURA', '', 'ANTES SE LLAMABA EL PACIFICO  VIDA CIA DE SEGUROS Y REASEGUROS SA'),
(139, 'PACIFICO SA ENTIDAD PRESTADORA DE SALUD', 'PACIFICO SA', '2019-03-08 12:33:17', 'RUC', 20431115825, 'CAL. JUAN DE ARONA 830', 120, '', '', '', 'EVENTUAL', 1, 'CT', 'ANDREA VALENCIA', '', 'SEGUROS', '', '49', '0.000', 'DOLARES', '0.000', 0, '', '', ''),
(140, 'PAPELERA DE LOS ANDES S.A.', 'PAPELERA ANDES', '2019-03-08 12:33:17', 'RUC', 20101624324, 'AV. SIMON BOLIVAR 114 ZONA INDUSTRIAL', 91, '3516262', '4626046', '', 'PERMANENTE', 1, 'CT', 'FIORELLA SANCHEZ - MERINA VILLANUEVA', '', 'CUADERNERA', 'compras@productosandes.com', '49', '0.000', 'DOLARES', '28887.450', 0, '', '', 'ANEXO 104 FINANZAS (SRTA. EDITH ANEXO 121) O SRTA. FIORELLA SANCHEZ (LOGISTICA) - ENTREGA DE FACTURAS Y LETRAS LUNES, MIERCOLES Y VIERNES 3 A 5PM, RECOGER DOC. ACEPTADOS MARTES Y JUEVES  MISMO HORARIOS'),
(141, 'PENTA PERU S.A.C', 'PENTA PERU', '2019-03-08 12:33:17', 'RUC', 20512942629, 'AV. ALFREDO BENAVIDES NRO. 1238 INT. 1002 URB. SAN', 110, '3755521', '', '', 'EVENTUAL', 1, 'CV', 'FERNANDO DEL CASTILLO', '', '', '', '49', '0.000', 'DOLARES', '0.000', 0, '', '', 'SE HAN MUDADO A DIEGO FERRÉ  387 MIRAFLORES 3ER PISO DPTO B'),
(142, 'QUAD/GRAPHICS PERU SA', 'QUAD', '2019-03-08 12:33:17', 'RUC', 20371828851, 'AV. LOS FRUTALES 344 URB LOS ARTESANOS', 91, '2053700', '', '', 'PERMANENTE', 1, 'CT', 'PERCY ESTEBAN BOCARDO', '', 'IMPRENTA', 'Percy.Esteban-bocardo@qg.', '49', '0.000', 'DOLARES', '0.000', 0, '', '', 'JOSE SILVERA ES EL JEFE DE PROVEEDURÍAS EXTERNAS Y SU ANEXO ES EL 503 Y CEL 988-657-671. SU JEFE ES LA ING. MARIA LUISA DIAZ - DIRECTOR DE OPERACIONES, CUYO CEL ES 988-644-475.'),
(143, 'R.DOY INDUSTRIAL S.A.C', 'R.DOY', '2019-03-08 12:33:17', 'RUC', 20472687531, 'AV. MEXICO 935 URB.MATUTE', 103, '3230102', '3242052', '3230103', 'EVENTUAL', 1, 'CT', '', '', '', '', '54', '1000.000', 'DOLARES', '0.000', 30, '', '', ''),
(144,'REFRIGERACION TROPIC FRIO EIRL','REFRIG. TROPIC','2019-03-8 12:33:17','RUC',20600029097,'JR. ARICA 301 LORETO MAYNAS',186,'','','','EVENTUAL',1,'GR','KARINA PINTO','','','',54,0,'DOLARES',0,0,'','',''),
(145, 'SAN VICENTE TEXTIL COTTON S.A.C.', 'SAN VICENTE TEXTIL', '2019-03-08 12:33:17', 'RUC', 20510257171, 'AV. BELISARIO FLORES NRO. 471', 105, '2661190', '', '', 'EVENTUAL', 1, 'GR', '', '', '', '', '54', '0.000', 'SOLES', '0.000', 0, 'FACTURA', '', 'APROBADO POR JRL CONSULTA MILAGROS S'),
(146, 'SHOCK MKT S.A.C', 'SHOCK MKT S', '2019-03-08 12:33:17', 'RUC', 20509293377, 'AV. A. MARISCAL LA MAR 638 - OF. 704', 110, '6284760', '7470545', '7470544', 'EVENTUAL', 1, 'CT', '', '', '', '', '54', '0.000', 'DOLARES', '0.000', 0, '', '', 'SE LE FACTURA A ESTA EMPRESA POR INDICACION DE TELEFONICA'),
(147, 'SUPER M FILMS SAC', 'SUPER M FILMS', '2019-03-08 12:33:17', 'RUC', 20512717935, 'MANCO INCA II 447', 129, '', '', '', 'EVENTUAL', 1, 'GR', '', '', '', '', '54', '0.000', 'DOLARES', '0.000', 0, '', '', ''),
(148, 'SUPERMERCADOS PERUANOS S.A.', 'SUPERMERCADOS PERUAN', '2019-03-08 12:33:17', 'RUC', 20100070970, 'CALLE MORELLI 181 2DO PISO', 119, '6188000', '', '', 'PERMANENTE', 1, 'CT', 'JAIME VALERA', 'MARKETING', 'SUPERMERCADO', '', '35', '1000.000', 'SOLES', '36707.440', 60, '', '', 'EJECUTIVO A CARGO DEL CLIENTE: FABIOLA MORALES'),
(149, 'THERMAL GROUP S.A.C.', 'THERMAL', '2019-03-08 12:33:17', 'RUC', 20514548391, 'LUIS FELIPE VILLARAN 228', 120, '2262653', '2262160', '4411559', 'EVENTUAL', 1, 'CT', '', '', '', '', '54', '0.000', 'DOLARES', '0.000', 0, '', '', 'MARISOL CARRASCO YA NO TRABAJA NEXTEL 810*1340 - SR. ALFONSO FERNANDEZ JEFE DE THERMAL - JULIA MALCA PAGOS'),
(150, 'TRACK GLOBAL SOLUTIONS PERU SAC', 'TRACK GLOBAL SOLUTIO', '2019-03-08 12:33:17', 'RUC', 20566492475, 'CALLE PORTA 130, 804', 110, '', '', '', 'EVENTUAL', 1, 'GR', '', '', '', '', '54', '0.000', 'DOLARES', '0.000', 0, '', '', ''),
(151, 'TRANS AMERICAN AIRLINES SA', 'TRANS AMERICAN AIRLI', '2019-03-08 12:33:17', 'RUC', 20348858182, 'AV. VICTOR ANDRÉS BELAÚNDE 147, INT. 1403 URB. EL ROSARIO VIA PRINCIPAL 133, TORRE', 110, '', '', '', 'EVENTUAL', 1, 'GR', 'FANNY ORTIZ DE ZEVALLOS', '', '', '', '54', '0.000', 'DOLARES', '0.000', 0, '', '', '');



-- *****************************************************
-- Entidad Registro de Proveedores [PROVEED]
-- *****************************************************



INSERT INTO `proveedor` (`PROVEEDCODIGO`, `PROVEEDRAZON_SOCIAL`, `PROVEEDRUC`, `PROVEEDTELEFONO_EMPRESA`, `PROVEEDCONTACTO`, `PROVEEDTELEFONO_CONTACTO`) VALUES
('R0001', 'INDUSTRIAL PAPELERA ATLAS ', 20100718872, '3590092', 'RAMIRO GARCES ', '3590092'),
('R0002', 'PRAXIS ', 20334089941, '4715851', 'BETZI ', '4703944'),
('R0003', 'ARTEGRAFIA ', 20108844621, '4489092', 'IRANI MEDINA ', '2718523'),
('R0004', 'KODAK POLYCHROME ', 10205698790, '', '', ''),
('R0005', 'GRAFINAL ', 0, '', '', ''),
('R0006', 'LINGRAF SRL ', 20265797599, '4270065', 'BILLY GARCEZ ', '4270065'),
('R0007', 'ZANDERS MEGA ', 0, '', '45645645', '45645645'),
('R0008', 'KONRADLINDER ', 0, '', '', ''),
('R0009', 'SHURTAPE PERU SA ', 0, '', '', ''),
('R0010', 'SAN FRANCISCO DE ASIS SAC ', 20269499711, '4729619', ' ', '4718331'),
('R0011', 'TAI HENG SA ', 20100274621, '3628300', ' ', '3620199'),
('R0012', 'SUN CHERMICAL ', 20102305273, '485-3680 ', '', ''),
('R0013', 'REPCO SAC ', 20251202568, '4487363', 'LUCIA ', '2720601'),
('R0014', 'QUEBECOR WORLD ', 20371828851, '4377323', 'Mauricio Cordier ', '4379260'),
('R0015', 'BERUDISA ', 20139875991, '2653948', 'BERUDISA ', '4715843'),
('R0016', 'GASAL ', 20422723618, '3323503', 'GASAL ', '3323503'),
('R0017', 'REPSOL YPF ', 20100176450, '2157300', '', ''),
('R0018', 'TELEFONICA DEL PERU ', 20100017491, '', '', ''),
('R0019', 'MARIA GRAZIA GONZALEZ ', 10295940757, '', ' ', ''),
('R0020', 'GRAFICA IDEAL ', 10080296504, '4701428', 'ALICIA ESPINAL REYES ', ''),
('R0021', 'SRA. AIDA GONZALEZ V. ', 0, '4758310', 'AIDA GONZALEZ ', ''),
('R0022', 'LIQUIDACION DE BB. SS. ', 0, '', '', ''),
('R0023', 'FINANCIERA CMR ', 20330401991, '2154300', 'ALO CMR ', ''),
('R0024', 'MUNICIPALIDAD DE LINCE ', 20131367857, '', '', ''),
('R0025', 'AF EDITORIAL EIRL ', 20503034892, '3375182', 'ASA ', '3376637'),
('R0026', 'EL PACIFICO-MULTIAUTO ', 20100035392, '4333626', 'ALEJANDRO LA ROSA ', '99649242'),
('R0027', 'MULTI-IMPRESOS SA ', 20101722920, '4338622', ' ', ''),
('R0028', 'PEINSAC ', 20106575984, '4450457', '', ''),
('R0029', 'TELEFONICA UNIRED ', 20500698340, '', '', ''),
('R0030', 'LUZ DEL SUR ', 20331898008, '2175000', 'FONOLUZ ', ''),
('R0031', 'FAST WAY SRL ', 20101522246, '4702144', 'BILLY SANCHEZ ', '8181893'),
('R0032', 'VISUALA SA ', 20465861666, '4466870', ' ', ''),
('R0033', 'PLANILLA ', 0, '', '', ''),
('R0034', 'EVENTUALES ', 0, '', '', ''),
('R0035', 'PAGO DE HONORARIOS ', 0, '', ' ', ''),
('R0036', 'FRACCIONAMIENTO-SUNAT ', 0, '', '', ''),
('R0037', 'REEMBOLSOS A JRL ', 0, '', '', ''),
('R0038', 'JOCKEY CLUB DEL PERU ', 0, '', ' ', ''),
('R0039', 'CLUB SOCIAL MIRAFLORES ', 0, '', '', ''),
('R0040', 'CAMS SAC ', 20218613595, '2415968', 'SRTA. BETZABE ', '2415968'),
('R0041', 'TROQUELES Y TROQUELADOS SAC ', 20505657421, '98128092', 'FERNANDO YEPEZ ', '98128092'),
('R0042', 'ILIANA DIAZ REATEGUI ', 0, '', ' ', ''),
('R0043', 'SEDAPAL ', 25163890566, '3178000', ' ', ''),
('R0044', 'BANCO CONTINENTAL ', 0, '', ' ', ''),
('R0045', 'EDIFICIO MONT BLANC ', 0, '', '', ''),
('R0046', 'AFPS - TODOS ', 0, '', ' ', ''),
('R0047', 'PERU FOTO STOCK ', 20251732958, '2411337', '', ''),
('R0048', 'AMERICAN EXPRESS ', 0, '', '', ''),
('R0049', 'EL PACIFICO ', 0, '', '', ''),
('R0050', 'MAQUINARIA GRAFICA LCH ', 0, '3307011', '', ''),
('R0051', 'MUNICIPALIDAD DE SURCO ', 0, '', '', ''),
('R0052', 'CABLE MAGICO ', 20290000263, '', ' ', ''),
('R0053', 'DISTRIBUIDORA D&D ', 10078017096, '3245370', 'CHELINA ORTEGA ', ''),
('R0054', 'VISA BCO. CREDITO ', 0, '', '', ''),
('R0055', 'VISA BCO. CITIBANK ', 0, '', '', ''),
('R0056', 'MASTERCARD INTERBANK ', 0, '', ' ', ''),
('R0057', 'FD SYSTEM SAC ', 20469037909, '3247348', 'KARIN ACUÑA ', ''),
('R0058', 'GINO CARLEVARINO ', 0, '', ' ', ''),
('R0059', 'GRAFICA DELVI S.R.L. ', 20294670727, '4717741', 'ENCUADERNACION ', '2655430'),
('R0060', 'PAPELERA EL PROGRESO ', 20101300189, '4598124', 'A ', ' '),
('R0061', 'INDUSTRIAL GRAFICA SA ', 20101656951, '5112505', ' ', ' '),
('R0062', 'NEXTEL DEL PERU S.A. ', 0, '', 'JUAN CARLOS CEVASCO ', '98102479'),
('R0063', 'CARGO COURIER EIRL ', 20467005546, '', ' ', ''),
('R0064', 'DINERS CLUB - SRA. AIDA ', 0, '', '', ''),
('R0065', 'UV GLOSS SAC ', 20471394573, '4715182', ' ', ''),
('R0066', 'CREACIONES EXIS SA ', 20305400930, '4324860', 'LUIIS OCAMPO MOROCHO ', ''),
('R0067', 'REEMBOLSO DE CAJA CHICA ', 0, '', ' ', ''),
('R0068', 'JAIME CHAVEZ - FOTOGRAFO ', 10078538541, '2216501', 'JAIME CHAVEZ ', '99049295'),
('R0069', 'ESSALUD ', 0, '', ' ', ''),
('R0070', 'SUNAT - IGV ', 0, '', '', ''),
('R0071', 'SRA. AMELIA ', 10091761969, '', '', ''),
('R0072', 'MURET SA ', 20416831557, '', '', ''),
('R0073', 'SUNAT - IGV/RENTA ', 0, '', ' ', ''),
('R0074', 'LUMBRE IND GRAFICA ', 0, '', '', ''),
('R0075', 'MASTERCARD WIESE ', 0, '', '', ''),
('R0076', 'MYL COMUNICACION S.R.L. ', 20502657225, '4589540', 'VLADIMIRO ', ''),
('R0077', 'GASTOS EVENTUALES/LOCAL, EQUIPOS, ETC. ', 0, '', '', ''),
('R0078', 'DAVID DIAZ CHONCEN ', 0, '', '', ''),
('R0079', 'DILESA EIRL ', 20500457814, '2651896', '', '4723954'),
('R0080', 'PRUEBAS JOSE ', 0, '', '', ''),
('R0081', 'RAMIRO CAMPOS VASQUEZ ', 0, '', '', ''),
('R0082', 'VICTOR SANTIVAÑEZ TIZOC ', 0, '', ' ', ''),
('R0083', 'VISA CONTINENTAL ', 0, '', '', ''),
('R0084', 'C.T.S. ', 0, '', ' ', ''),
('R0085', 'C&M SERVICONFORT SRL ', 20428705522, '5621082', 'CARLOS MONE SAAVEDRA ', '817*7834 '),
('R0086', 'IMAGIKA SA ', 20330759527, '2222303', '', '4403144'),
('R0087', 'FACTORIA CRERO HNOS. SA ', 20100263930, '4245286', 'GUZMAN BLANCO 484 ', '4236211'),
('R0088', 'TECNESE SRLTDA ', 20102144245, '4818702', ' ', '4818702'),
('R0089', 'LESLIE RODRIGUEZ BARRIGA ', 10414449960, '', ' ', ''),
('R0090', 'SEGRES SYSTEC SA ', 20100093082, '4708077', '', '4709911'),
('R0091', 'SOIMPEX SAC ', 20101100091, '4411617', 'REP. PANAMA 3580 ', '4402972'),
('R0092', 'SCHROTH CORPORACION GRAFICA ', 20101085199, '2212215', 'LUIS FELIPE VILLARAN 315 S.I. ', '2212214'),
('R0093', 'SPOK COMUNICACIONES SAC ', 20429790159, '4222138', 'CALLE FRANCISCO ZELA 2530 ', '4222138'),
('R0094', 'REYNALDO PABLO FLORES ', 10082939241, '4580782', 'SR. PABLO FLORES ', '98546773'),
('R0095', 'INDUSTRIAL COMERCIAL HOGUIN ', 20132515680, '4482405', 'AV. AVIACION 4874 OVALO HIGUERETA ', '4482397'),
('R0096', 'SUNAT-RETENCIONES 4TA. CATEG ', 0, '', '', ''),
('R0097', 'T-COPIA SAC ', 20125684441, '2429730', 'COMANDANTE ESPINAR 374 MIRAFLORES ', '4410065'),
('R0098', 'CORP. DE INVERSIONES & DESARROLLO INFORMATICO ', 20374241703, '2428718', 'CORONEL INCLAN 333 MIRAFLORES ', '4455325'),
('R0099', 'GRADYS CAMPOS PRADO ', 10066705833, '96611184', 'GRADYS ', '96611184'),
('R0100', 'ANTALIS PERU SA ', 20259661553, '2416000', 'SRA. ANA ', '2212969'),
('R0101', 'IMPORTACIONES HIRAOKA SAC ', 20100016681, '4288185', '', '5612800'),
('R0102', 'QUIMICA INDUSTRIAL AMEC EIRL ', 20144250398, '4236569', ' ', '3308539'),
('R0103', 'MULTIPLAST SA ', 20100659256, '3480614', '', '3481100'),
('R0104', 'FORTESA ', 20101602606, '2241918', '', '2258357'),
('R0105', 'LATIN SUPPLIES EIRL ', 20378322864, '4700448', 'MARILU MACEDO ', '2655167'),
('R0106', 'SESEN SAC ', 20102182171, '2223766', ' ', ''),
('R0107', 'MIGUEL MATOREL BERECHE ', 10422632005, '99130907', '', ''),
('R0108', 'PROGRAFICA SCRL ', 20100310440, '4764343', ' ', '4764747'),
('R0109', 'MILAGROS PAUCAR CARRILLO ', 0, '', '', ''),
('R0110', 'EDITORIAL KOSTA SAC ', 20100748437, '4733960', 'JR. BELGIKA 965-975 LIMA 13 ', ''),
('R0111', 'GLOSS PRINT ', 0, '', '', ''),
('R0112', 'PLASTIFAN EIRL ', 20261268516, '4701154', '', '2652028'),
('R0113', 'BOUREAU VERITAS ', 0, '4210101', 'HUGO ARIAS ', '99811109'),
('R0114', 'CRUZ MARIA OTOYA CARCAMO ', 10067815721, '3496427', ' ', '99336480'),
('R0115', 'CAJA MUNICIPAL DE MAYNAS ', 0, '', '', ''),
('R0116', 'APARICIO ROBLES EUSEBIO ', 10106179668, '5712236', 'EUSEBIO APARICIO ROBLE ', '98910173'),
('R0117', 'MIGUEL LINARES HERRERA ', 10066733977, '2470887', 'MIGUEL LINARES ', '99607162'),
('R0118', 'C.G.G. INVERSIONES SRL ', 20462006242, '4768957', 'marilu macedo escobar ', '99380436'),
('R0119', 'MARIA ELENA GUADALUPE ', 10077675707, '', 'MARIA ELENA GUADALIPE ', ''),
('R0120', 'AGENCIA DE CARGA POGGI INTERNACIONAL SAC ', 20504015883, '817*3638 ', 'JOSE CLAVIJO ', '429-9490 '),
('R0121', 'VISA - BANCO WIESE (5048) ', 0, '', '', ''),
('R0122', 'IMPRESO GRAFICA SA ', 20101052771, '2222343', 'ENRIQUE VARGAS ', '2229557'),
('R0123', 'JAIME OCHOA CABALLERO ', 10257335718, '99498895', ' ', ''),
('R0124', 'BANCO WIESE ', 0, '2116000', 'CARLOS BAIGORRIA ', '2116060'),
('R0125', 'MIGUEL MORALES ', 10088255661, '3722788', 'DISEÑADOR GRAFICO ', '99078645'),
('R0126', 'LUIS MIGUEL MIO JUAREZ ', 10094151444, '98868848', '', ''),
('R0127', 'NOTARIA LAOS DE LAMA ', 10077006309, '4618523', '', ''),
('R0128', 'GRACIOSITOS ', 10093934127, '4488062', 'CLAUDIA RASILLA ARANA ', ''),
('R0129', 'JK SERVICIOS ', 10089280368, '2661629', 'SEGUNDO NIEVES DAMASO ', ''),
('R0130', 'CONSORCIO FK & MX ', 10179745149, '', 'YOLANDA ARANZABAL ', '2656949'),
('R0131', 'PC GROUP SRL ', 20345883763, '5660457', 'WANDA APONTE ', '99939354'),
('R0132', 'NEON 2000 SAC ', 20202799745, '4444124', 'FATIMA LANDAURE ', '98115536'),
('R0133', 'AC ELECTRONIC SRL ', 20304632691, '4274087', 'ING. RODRIGUEZ ', '98677595'),
('R0134', 'NOVAGLASS SA ', 20427486843, '2260800', 'SR. HIGINIO ', ''),
('R0135', 'TINTAS GRAFICAS VENCEDOR SA ', 20305875296, '4596316', '', '4596366'),
('R0136', 'NEUS PUBLICIDAD SA ', 20101077412, '4219373', 'LAS CAMELIAS 820 OF. 802 S.I. ', '4226739'),
('R0137', 'SUPERMERC. SANTA ISABEL ', 0, '', '', ''),
('R0138', 'P&P IMPRENTA ', 10089305794, '4700316', 'PAULINO PIZARRO FERNANDEZ ', '4700316'),
('R0139', 'MANUFACTURA Y SERVICIOS EN GENERAL ', 10215295368, '3312853', 'JOSE CUELLAR YLLANEZ ', '98496785'),
('R0140', 'PACIFIC DATA SAC ', 20427010687, '4700805', 'JORGE SAAVEDRA ', '98703086'),
('R0141', 'VEGA IMPRESORES & TROQUELADORES ', 20305803627, '265-4984 ', 'FRANCISCO LAZO 2047 - LINCE ', '2654984'),
('R0142', 'SERVICIOS LEDESMA SAC ', 20501498034, '2659006', 'PROLONG. IQUITOS 2200 - LINCE ', '99730085'),
('R0143', 'X-LASER SAC ', 20506012695, '2612814', 'GISELL FIGUEROA ', '816*3084 '),
('R0144', 'FUERTE & CLARO SAC ', 20501953173, '2426459', 'ELIAS AGUIRRE 126 OF.1002-402 ', 'MIRAFLORES '),
('R0145', 'CARDEGRAF ', 10101587741, '2620361', 'GILMER CARDENAS ARTEAGA ', '99723546'),
('R0146', 'TIRES WHEELS & SERVICE SAC ', 20473183782, '2426841', ' ', '99818628'),
('R0147', 'K.GLOSS SERVICIOS GENERALES ', 10427022892, '5820209', 'SILVIA KARINA QUISPE CORDOVA ', ''),
('R0148', 'SOCIEDAD INDUSTRIAL SINTETICA SAC ', 20102150300, '4852412', ' ', '4852399'),
('R0149', 'NOVACAR SAC ', 20468474744, '2260211', 'PEDSRO HIGINIO ', ''),
('R0150', 'TOURING Y AUTOMOVIL CLUB ', 0, '', '', ''),
('R0151', 'BANCO DE CREDITO ', 0, '', '', ''),
('R0152', 'MAGNO F. MONTALVO ', 10061643082, '3283349', 'AA ', '4608027'),
('R0153', 'AKME COMUNICACION CREATIVA SAC ', 20110968591, '4463664', '', ''),
('R0154', 'HH.RR. REPRESEMNTACIONES EIRL ', 20504248390, '3301951', ' ', '98498696'),
('R0155', 'SUSAN LAMTENZAN ZAVALA ', 0, '', '', ''),
('R0156', 'CONVERTIDORA DEL PACIFICO EIRL ', 0, '', '', ''),
('R0157', 'SR. GUILLERMO CARBAJAL ', 0, '', '', ''),
('R0158', 'PIERO SALARDI GONZALES ', 10103163345, '', '', ''),
('R0159', 'R&F PUBLICACIONES Y SERVICIOS SAC ', 20505390599, '4729676', '', '2660045'),
('R0160', 'GRUPO JRP ', 10074211599, '', ' ', ''),
('R0161', 'DESARROLLOS QUIMICOS MODERNOS S.A ', 20100435498, '4373381', ' ', ' '),
('R0162', 'TECNOLOGIA DIGITAL VICTORIA ', 20417356356, '6186030', ' ', '6186031'),
('R0163', 'COMERCIAL ALVARADO HNOS ', 10075036278, '', '', ''),
('R0164', 'IMPRENTA INDUALTRIAL SRL ', 20108955296, '4593829', 'JR TACAMAYO 1676 - ZARATE ', ' '),
('R0165', 'EOS SAC ', 20100920434, '4476553', 'CESAR SUAREZ ', '4470123'),
('R0166', 'TUMSAC ', 20386445720, '4417744', '', '4415021'),
('R0167', 'TEOFILO CABALLERO BAUTISTA ', 10104902591, '97270595', '', ''),
('R0168', 'FELIGRAF SAC ', 20508073713, '2583420', '', '98123945'),
('R0169', 'JHONN CAMPOS CARLOS ', 10090260451, '', '', ''),
('R0170', 'BANCO NUEVO MUNDO ', 0, '4421800', 'URSULA VELASCO ', ''),
('R0171', 'SERVICIO GRAICO ESCOBAR SRL ', 20209113521, '2833020', 'GREGORIO ESCOBAR ', '98780360'),
('R0172', 'COMERCIALIZADORA E IMPORT. SIMPSON SAC ', 20507755268, '4269301', 'A ', '98192432'),
('R0173', 'GURU Y FAMILIA SA ', 20306882521, '', 'RICARDO BADANI ', ''),
('R0174', 'XEROX DEL PERU S.A ', 20100119065, '4728099', 'XEROS ', '6195555'),
('R0175', 'I.T.N. SA ', 20429965307, '4671414', ' ', '4671408'),
('R0176', 'COMISION DE EJECUTIVAS ', 0, '', '', ''),
('R0177', 'ROSA E. VILLAFUERTE VILCHEZ ', 10060571070, '98162537', '', '98162537'),
('R0178', 'NOTARIAS Y REGISTROS PUBLICOS ', 0, '', '', ''),
('R0179', 'REPUESTOS ', 0, '', '', ''),
('R0180', 'SUMINISTROS ', 0, '', '', ''),
('R0181', 'MIRTHA VALVERDE FLORES ', 0, '', '', ''),
('R0182', 'MONICA CASTILLO GUERRERO ', 0, '', '', ''),
('R0183', 'ROSA AVILA AZABACHE ', 0, '', '', ''),
('R0184', 'FABIOLA MORALES AGGIURO ', 0, '', '', ''),
('R0185', 'MILKA AZAÑERO FRKOVICH ', 0, '', '', ''),
('R0186', 'INDUSTRIAL GRAFICA APOLO SAC ', 20100746221, '3246015', '', '4736737'),
('R0187', 'RAUL ENRIQUEZ ZEGARRA ', 0, '', '', ''),
('R0188', 'CARMEN HUANCACHOQUE ', 0, '', '', ''),
('R0189', 'HORAS EXTRAS - PERSONAL ', 0, '', '', ''),
('R0190', 'OSCAR FRIAS CRUZ ', 0, '', '', ''),
('R0191', 'IMAGEN S.A ', 20374996925, '225-6282 ', 'DANI MEIZEN ', '813-9219 '),
('R0192', 'ROY FLORES TANGOA ', 0, '', '', ''),
('R0193', 'ENRIQUE GONZALES HUAYTALLA ', 0, '', '', ''),
('R0194', 'MOVILIDADES DE EJECUTIVAS DE VENTAS ', 0, '', '', ''),
('R0195', 'DIFERENCIA POR TRANSFERENCIA ', 0, '', '', ''),
('R0196', 'ENTREGAS A JRL ', 0, '', '', ''),
('R0197', 'REPARACIONES ', 0, '', '', ''),
('R0198', 'COMISIONES Y CARGOS BANCARIOS ', 0, '', '', ''),
('R0199', 'DIFERENCIA POR TIPO DE CAMBIO ', 0, '', '', ''),
('R0200', 'EDITORA EL COMERCIO SA ', 0, '', '', ''),
('R0201', 'GENIAL SA ', 0, '', '', ''),
('R0202', 'LIQUIDACION DE BENEFICIOS ', 0, '', '', ''),
('R0203', 'INGRESOS EXTRAORDINARIOS ', 0, '', '', ''),
('R0204', 'CANJES A CLIENTES ', 0, '', '', ''),
('R0205', 'MAGIC COLOR S.A.C ', 20293621064, '473-1500 ', 'ELENA ', '4728099'),
('R0206', 'DHL INTERNACIONAL SAC ', 20101128777, '5172500', '', '5754433'),
('R0207', 'HEIDELBERG PERU S.A ', 20431003946, '4404424', ' ', '2224585'),
('R0208', 'SERVICES SAC.AGUA ', 20508591269, '3245370', 'JR BELGICA 1427- LA VICTORIA ', '97526501'),
('R0209', 'NASHELY ', 10160102441, '2620874', 'PAU DAMASO ROBERTO NASHELY ', '99198510'),
('R0210', 'VISUART SAC ', 20505782918, '', '', ''),
('R0211', 'SENATI ', 0, '', '', ''),
('R0212', 'ADELANTOS DE PERSONAL ', 0, '', '', ''),
('R0213', 'ARCLAD DEL PERU SAC ', 20349304903, '3324764', '', '4334230'),
('R0214', 'A&B DISTRIBUIDORES ', 10073863819, '3239799', 'MANUEL HERREROS ZEVALLOS ', '8178322'),
('R0215', 'REPRESENTACIONES COMERCIALES ', 10097467671, '5423064', 'CABANILLAS ', '7915861'),
('R0216', 'JUAN CORALES ROJAS ', 10093753025, '7948644', 'MARCHAND 492 - SAN BORJA ', '7948644'),
('R0217', 'DONAGRAF S.A.C ', 20429322139, '3485923', 'CABALERO ', '4728099'),
('R0218', 'SERIGRAFIA TECNICA S.R.L. ', 20100787092, '4725080', ' ', '4720702'),
('R0219', 'MALSE COSEIMGRAF EIRL ', 20111144401, '5346345', 'EDUARDO HABICH 677 - S.M.P. ', '5342983'),
('R0220', 'PEGAMENTO SINTETICOS S.A ', 20100302421, '326-1946 ', 'SINTETICOS ', '326-4458 '),
('R0221', 'ROMA SERVICIOS GRAFICOS ', 10093349402, '97228931', 'ELKA BETTINA ROJAS GRANDA ', '97228931'),
('R0222', 'KRALVI S.R.L. ', 20100304989, '4245026', ' ', '4330644'),
('R0223', 'ESTEBAN RASHTA CALDAS ', 10062264981, '3873888', 'JR. RIO SANTIAGO 540 MZ I LT. 2 S.J.L. ', '3873888'),
('R0224', 'LITHO & ARTE SAC ', 20509312428, '3321989', '', '3321989'),
('R0225', 'PAMELA DE SMEDT ROQUILLO ', 10408734130, '2429763', ' ', '95041300'),
('R0226', 'VIPROFIX ', 0, '', '', ''),
('R0227', 'INVERSIONES CORDOVA SAC ', 20507825223, '5863993', '', '9835*4751 '),
('R0228', 'NESTLE PERU S.A. ', 0, '', '', ''),
('R0229', 'RED CIENTIFICA PERUANA ', 20111451592, '4211343', '', '4224848'),
('R0230', 'RENIEC ', 20295613621, '', '', ''),
('R0231', 'NAHUN SANTA CRUZ TARRILLO ', 10068322125, '4871411', '', ''),
('R0232', 'SSAYS SAC ', 20102187211, '4611643', '', '4602355'),
('R0233', 'COLD IMPORT SA ', 20100049857, '4333386', 'VICTORIA GUILLEN ', '4330803'),
('R0234', 'GRAFI PRINT ', 10092496754, '', '', ''),
('R0235', 'ALQUILER DE LOCAL ', 0, '', '', ''),
('R0236', 'TECH DATA PERU SAC ', 20267163228, '2261298', 'SRTA. RIOS ', '2261304'),
('R0237', 'EL SITIO SAC ', 0, '', '', ''),
('R0238', 'TRENOL S.A ', 20509089176, '2230729', 'CARLOS TAPIA ', '823*3035 '),
('R0239', 'VIBALCA ', 10085069263, '5369976', 'VICTOR BALCAZAR CABANILLAS ', '5369993'),
('R0240', 'ING. VICENTE ORBEGOZO SARZO ', 0, '', '', ''),
('R0241', 'SUNAT - ALQUILER ', 0, '', '', ''),
('R0242', 'DISTRIBUIDORA SUYO EIRL ', 20212574199, '4580265', 'JR. LAS PERLAS 1894 S.J.L. ', '4580265'),
('R0243', 'SANTO DOMINGO ', 20100363641, '4236622', 'JR. GRAL. MAXIMO ABRIL 524 JESUS MARIA ', '4237851'),
('R0244', 'MAQUINFOR ', 20507850252, '5620749', 'SR. JUAREZ ', '5620749'),
('R0245', 'DIEGO R. CUBA CHAVEZ ', 10417124115, '5634459', 'GERMAN AMEZAGA 374 ', '5634459'),
('R0246', 'NOTARIA GONZALEZ LOLI ', 0, '', '', ''),
('R0247', 'INVERSIONES GENERALES BZ SAC ', 20504090231, '3326296', 'JOSE GALVEZ 584 ', '97393256'),
('R0248', 'comercializadora Pamela ', 10090164177, '5427546', 'Sra. Carhuancho ', '5427546'),
('R0249', 'ELECTRONICS SERVICIOS MULTIPLES ', 10061126398, '4595983', 'FORTUNATO LEON PISCCO ', '98948773'),
('R0250', 'GRADDE PERU SAC ', 20508922711, '594-2538 ', 'DAVID FLORES CAMPOS ', '817*3621 '),
('R0251', 'TECNOLOGIAS VISUALES ', 20345148281, '241-7600 ', 'RICARDO ', '241-7600 '),
('R0252', 'PLASTINOR SAC ', 20504185703, '4285487', 'CARLOS ', '836*6817 '),
('R0253', 'ARSEGUINSA ', 20377481454, '461-0156 ', 'GLENDA ALVAREZ ', '4610156'),
('R0254', 'EQUIPOS Y SUMINISTROS DE OFICINA ', 0, '', '', ''),
('R0255', 'REPUESTOS PARA MAQUINAS DE IMPRENTA ', 0, '', '', ''),
('R0256', 'LOGEOGRAFICA S.R.L. ', 20379816226, '472-7748 ', 'JUAN OLIVA ', '816*2296 '),
('R0257', 'MEDICINAS Y MEDICAMENTOS ', 0, '', '', ''),
('R0258', 'ASESORIA Y SUMINISTROS GRAFICOS ', 10068782959, '3886036', 'WILBER ALMANZA DUEÑAS ', '97791570'),
('R0259', 'PASWAG ', 0, '', '', ''),
('R0260', 'ENTREGAS A RENDIR CUENTA ', 0, '', '', ''),
('R0261', 'LITHO IMPRESORES SAC ', 20100279852, '3480290', '', '3494962'),
('R0262', 'ROTARY TECHNOLOGIES SAC ', 20510819277, '457-5895 ', 'PEDRO GUZMAN ', '827*8546 '),
('R0263', 'ACABADOS GRAFICOS DEL PERU EIRL ', 20510741651, '3376630', '', '3376637'),
('R0264', 'FACTORIA INDUSTRIAL GOICOCHEA T.G.V. EIRL ', 20427861288, '4735433', 'SR. GOICOCHEA ', '4735433'),
('R0265', 'OTROS GASTOS EVENTUALES ', 0, '', '', ''),
('R0266', 'DIGITAL FAST EIRL ', 20508485311, '2415628', '', '9813*5542 '),
('R0267', 'FILTRONICA S.A.C. ', 20509450146, '336-7822 ', 'ROY CABANA ', '9709-6370 '),
('R0268', 'REPRESENTACIONES VEN&SER ', 10067764019, '3351272', 'JORGE PEREZ PACHECO ', '99839249'),
('R0269', 'EDITORIAL LIMA 2000 SAC ', 20100843421, '4403486', '', '4403480'),
('R0270', 'SERVOSA ', 20111444545, '252-3201 ', 'JORGE CASTILLO ', '810*6386 '),
('R0271', 'WILMAN VIÑA MONTES ', 10404115176, '5822873', '', '9827*7872 '),
('R0272', 'FAMSA ENCUADERNACIONES ', 10085262403, '98003384', '', '96614122'),
('R0273', 'PAOLAS DISTRIBUIDORES GENERALES ', 10096342115, '4262863', 'PAOLA ALVARADO ', '99579103'),
('R0274', 'STILO PUBLICIDAD SRL ', 20168682566, '3763766', ' ', '99956481'),
('R0275', 'MILLICOM PERU SA ', 20431752205, '6155001', ' ', '2216618'),
('R0276', 'COMEXPERU ', 20108528894, '4225784', ' ', '4225942'),
('R0277', 'INSTITUTO CUANTO ', 20137957621, '2641695', 'MONICA VALLENAS ', '2641699'),
('R0278', 'ELECTRO DENEGRI SRL ', 20251553867, '4256864', 'JR PASCUAL FARFAN 1148 ', ''),
('R0279', 'COMPUTO NACIONAL SAC ', 20473731828, '221-1747 ', '', '221-0241 '),
('R0280', 'LLANMAR SERVICIOS GRAFICOS ', 10410017798, '2620505', 'VICTOR LLANCO MARTINEZ ', '97044411'),
('R0281', 'INTERGRAF SRL ', 20109262979, '330-5236 ', '', '823*3171 '),
('R0282', 'DONACIONES Y/O COLABORACIONES ', 0, '', '', ''),
('R0283', 'TECNOFORMAS SA ', 20507228993, '3492900', '', ''),
('R0284', 'PERSONAL ', 0, '', '', ''),
('R0285', 'CREACIONES ARTEGRAB ', 10091435182, '4777860', 'SARA CAMPOS ABANTO ', '99712008'),
('R0286', 'EDITORIAL IMPRENTA DESA SA ', 0, '', '', ''),
('R0287', 'J Y S. PLAST ', 10105973654, '265-1334 ', 'Srta. Janeth ', '265-1334 '),
('R0288', 'ETICOM 500 ', 20100286638, '431-1719 ', 'GUILLERMO CASTRO ', '810*3075 '),
('R0289', 'M&M PAPELES Y SUMINISTROS GRAFICOS SAC ', 20507036571, '2657365', '', '9819*6320 '),
('R0290', 'LINDER REPRESENTACIONES S.A. ', 20503700892, '423-3745 ', 'SR. VILLAR ', '400*2192 '),
('R0291', 'CORPORACION WORLD IMPORT E.I.R.L ', 20510716974, '567-2606 ', 'RICHARD GELDRES ', '816*7712 '),
('R0292', 'POST PRESS SAC ', 20511303592, '4265369', 'JR ICA 386 - LIMA ', '9811*3902 '),
('R0293', 'ALEJANDRO MATTA MORILLO ', 10104137712, '5481691', 'URB ROSA LUZ MZ T LT 35 PUENTE PIEDRA ', '97258430'),
('R0294', 'PROCESOS DE MEDIOS DE PAGOS SA ', 20432405525, '2131600', 'CALLE PORTAL 111 - MIRAFLORES ', '2131601'),
('R0295', 'HECTOR MIRANDA ITURRINO ', 0, '', '', ''),
('R0296', 'MARIA NORMA MIRANDA DE LAS CASAS ', 0, '', '', ''),
('R0297', 'HILSEGUR SAC ', 20511833397, '467-0806 ', '', '251-0423 '),
('R0298', 'PURYQUIMICA S.A.C ', 20100279933, '437.9799', 'PACHECO ', '830*9903 '),
('R0299', 'RYUKYU DEL PERU EIRL ', 20470325047, '5225954', '', '5235775'),
('R0300', 'PAPELERA NACIONAL SA ', 0, '', '', ''),
('R0301', 'NORPAL ', 0, '', '', ''),
('R0302', 'REPROX SA ', 20100294576, '4728282', '', '4714112'),
('R0303', 'LUIS FELIPE CANAL CARRASCO ', 10094841513, '99634640', '', ''),
('R0304', 'EDITORES E IMPRESORES SAN BORJA SAC ', 20414059458, '3242735', '', ''),
('R0305', 'PAPELERA CRISTAL SRL ', 20136640993, '4246037', 'A ', '4247511'),
('R0306', 'PROVAR SRL ', 20122466761, '4244420', '', ''),
('R0307', 'MUNICIPALIAD DE BREÑA ', 0, '', '', ''),
('R0308', 'BANCO SUDAMERICANO ', 0, '', '', ''),
('R0309', 'TRANSPORTES Y MANIOBRAS SCRL ', 20100730490, '4733103', 'SALOMON SULCA ', '4746380'),
('R0310', 'INDUSTRIA GRAFICA IDEAS SA ', 20100711193, '3325911', '', '4242854'),
('R0311', 'MAPFRE PERU CIA DE SEGUROS ', 0, '', '', ''),
('R0312', 'ELINSE SA ', 20111116025, '4224947', '', '2250948'),
('R0313', 'R&R INTERNACIONAL COURRIER SAC ', 20506426589, '3301779', '', '3326629'),
('R0314', 'AUTOMOTRIZ EUROPA CAR EIRL ', 20100445027, '', '', ''),
('R0315', 'VIÑA GRAFICA SAC ', 20512316604, '4725892', 'WILMAN VIÑA ', '9827*7872 '),
('R0316', 'PAPELERA ALFA SA ', 20471493717, '3370171', 'SR. ALVARADO ', '3370102'),
('R0317', 'NEHO S.A ', 20510002696, '3563461', 'IZAIS LINARES ', '98764069'),
('R0318', 'DURA THANE ', 10257543027, '4539535', 'CARLOS CARRANZA CASTAÑEDA ', '98359282'),
('R0319', 'EDELNOR ', 20269985900, '', '', ''),
('R0320', 'ROPLAST II ', 10160018793, '3732986', '', '826*8113 '),
('R0321', 'LIGHTS COLORS EIRL ', 20378073465, '4281794', '', '4261022'),
('R0322', 'IMPRESIONES HERMANOS MENDOZA ', 10091799605, '4261361', '', '4266970'),
('R0323', 'LINEA GRAFICA ', 10179540954, '3300407', '', ''),
('R0324', 'COFERCA S.R.L. ', 20302401897, '3737446', '', ''),
('R0325', 'LION GRAF SRL ', 20253088592, '5644522', 'SR. LUIS ', '98104314'),
('R0326', 'FERRETERIA PACHECO ', 10082816458, '4717520', 'PACHECO ', '4717520'),
('R0327', 'ABERG S.A. ', 20425405871, '3370171', 'ELIAS ', '3370102'),
('R0328', 'SUNAT - RENTA 2006 ', 0, '', '', ''),
('R0329', 'ESTUDIO ALVARADO ', 10067159646, '4455187', 'DR. FAUSTO ALVARADO ', ''),
('R0330', 'FONDO FIJO - SUMINISTROS ', 0, '', '', ''),
('R0331', 'SUNAT - ACTIVOS ', 0, '', '', ''),
('R0332', 'DETRACCIONES ', 0, '', '', ''),
('R0333', 'JUAN MANUEL LLAQUE MEZA ', 10076439104, '4227380', '', ''),
('R0334', 'RAPIMAGEN ', 20291735241, '4269054', '', ''),
('R0335', 'MAX IMPORT ', 20267629952, '2513215', '', ''),
('R0336', 'PIXEL ART ', 10082724457, '97881222', 'LUIS SALAS MALDONADO ', '97881222'),
('R0337', 'GRAPA ', 10078924344, '2932527', 'MARTIN CESPEDES ', '830*4999 '),
('R0338', 'JUAN FERNANDO BANCAYAN BERNALES ', 10256093818, '451-0654 ', '', ''),
('R0339', 'DISTRIBUIDORA SPIGNO S.A.C. ', 20131034530, '4703136', '', ''),
('R0340', 'OTROS INGRESOS Y/O DEPOSITOS ', 0, '', '', ''),
('R0341', 'CREART PUBLICIDAD ', 20250395303, '2420649', '', ''),
('R0342', 'EPICUR GOURMET ', 0, '', '', ''),
('R0343', 'ELECTROMECANICA FLORES ', 10102164097, '4650100', '', ''),
('R0344', 'ADESTIC S.A ', 20101562388, '4716075', 'CASTILLO ', '818*7083 '),
('R0345', 'PERUANO SUECA INTERNATIONAL ', 20384449132, '330.0442', 'JUAN FERNANDO MURGA ', '98497963'),
('R0346', 'SERVIGRIFOS ', 20100167892, '2910126', 'GONZALES JUAN ', '2910153'),
('R0347', 'VISANET ', 20341198217, '2132400', '', '2132300'),
('R0348', 'EDICIONES REALES SRL ', 20101784445, '4728099', '', ''),
('R0349', 'COSTAMAR TRAVEL ', 0, '', '', ''),
('R0350', 'CONVERSIONES AYMARA ', 20123241038, '4724136', 'GLADYS ', '8357239'),
('R0351', 'CONVERTIDORA DEL PACIFICO ', 20301734574, '3266118', 'MILAGROS ', '3263118'),
('R0352', 'PERUANA DE OPINION PUBLICA ', 20101898882, '4465098', '', ''),
('R0353', 'DISTRIBUIDORA COMERCIAL CAPESA S.A. ', 20503793378, '4338020', '', ''),
('R0354', 'SAN REMO ', 20508863951, '3305882', '', ''),
('R0355', 'YYR S.A. ', 20428978766, '4478282', '', ''),
('R0356', 'KBA SERVICIO TECNICO DEL PERU ', 10077367697, '9947002', 'FREDDY ', '815-288 '),
('R0357', 'PRODUCT PACK S.A.C ', 20506621527, '423-229 ', 'VICTOR VERTIZ ', '4232290'),
('R0358', 'TRANSPORTE ZAVALA ', 20502028015, '3630976', '', ''),
('R0359', 'COMPOSE ', 0, '', '', ''),
('R0360', 'SOCIEDAD IMPORTADORA ', 20108572958, '5612500', 'MIGUEL DIESTRO ', '5612500'),
('R0361', 'TH INKS CENTER S.A.C ', 20504545505, '3325257', 'SECRETARIA ', '3325257'),
('R0362', 'ADC RODAMIENTOS ', 10160186904, '4246567', '', ''),
('R0363', 'MINTON PARTS ', 0, '', '', ''),
('R0364', 'MERCADOTECNIA SCRL ', 20331453146, '2427291', '', ''),
('R0365', 'CARBOMEC SAC ', 20504927297, '3307224', 'JORGE MIRANDA ', '4240379'),
('R0366', 'SEDISA S.A.C ', 20261239923, '4751530', 'MARICARMEN LLAQUE ', '4751530'),
('R0367', 'EMPRESA DE SERVICIOS CHAN CHAN S.A. ', 20398018410, '3305324', '', ''),
('R0368', 'CLINICA SAN BORJA ', 20100176964, '4754000', '', '4753141'),
('R0369', 'COMERCIALIZADORA GRAFIRI ', 10096767116, '8170537', 'FRED RIVERA M. ', '8170537'),
('R0370', 'CASTIGRAF ', 10074813416, '98132770', '', ''),
('R0371', 'GRAFICA MEDELIUS ', 20466247007, '4235020', '', ''),
('R0372', 'PUBLAX ', 10411209950, '4276306', '', ''),
('R0373', 'malvex ', 20100776562, '2248560', '', ''),
('R0374', 'COMPUTEXTOS S.A.C. ', 20100841305, '4728099', '', ''),
('R0375', 'AGUILA GRAPH INTERNACIONAL S.A ', 20100344778, '4649011', 'FRANCISCO GALVEZ LEYVA ', '4649011'),
('R0376', 'CREACIONES CARFAI ', 10409450801, '2836656', '', ''),
('R0377', 'METAL MECANICA OMAR E.I.R.L ', 20384620320, '3265251', 'REYNOSO ', '3265251'),
('R0378', 'INDUSTRIAL JIO SAC ', 20512900977, '3563433', '', ''),
('R0379', 'SR. CARBAJAL ', 0, '', '', ''),
('R0380', 'ALTERNATIVA TECNOLOGICA S.A.C. ', 20419653471, '2249707', 'WWW.ATSAC.COM.PE ', '2249707'),
('R0381', 'EL VOSTOK E.I.R.L. ', 20100629772, '4239930', 'ELVOSTOK@HOTMAIL.COM ', '4239930'),
('R0382', 'MEDINA HUAMAN JOHANNA KARINA ', 10412312673, '3253323', 'JOHANNA MEDINA ', '3253323'),
('R0383', 'VIRSA DISTRIBUIDORES S.A. ', 20424519597, '3300259', 'VIRSADIS@SPEEDY .COM.PE ', '3300259'),
('R0384', 'SUAREZ NOGUEIRA GLADYS PETRONILA ', 10079305435, '4260274', 'GLADYS SUAREZ ', '4260274'),
('R0385', 'RIVERA SUAREZ WILFREDO AUGUSTO ', 10080982238, '3303338', 'WILFREDO RIVERA ', '3303338'),
('R0386', 'F.F.M. E.I.R.L. ', 20433464151, '3246147', '3246147', '3246147'),
('R0387', 'MINISTERIO DE TRABAJO ', 0, '', '', ''),
('R0388', 'AUTO PAITA S.R.L. ', 0, '', '', ''),
('R0389', 'AUTOADHE S.A.C. ', 20513553774, '4274824', 'ADHESTIC ', '4274824'),
('R0390', 'NOGA PRINT ', 10098278295, '4276306', '', ''),
('R0391', 'APARICIO ROBLES ', 10104540436, '2549430', 'SISINIO ROBLES ', '2549430'),
('R0392', 'MAQUINARIAS Y OTROS ', 0, '', '', ''),
('R0393', 'AMADEUS PERU S.A. ', 20296079074, '2156030', 'AMADEUS ', '2156030'),
('R0394', 'I - L ELECTRO INDUSTRIAL S.A.C. ', 20505718314, '4268915', 'ELECTRO ', '4268915'),
('R0395', 'C & M COMERCIALIZADORA ', 10428255700, '5421546', 'PAMELA CARHUANCHO ', '5421546'),
('R0396', 'PENTAGRAF IMPRESORES S.A.C. ', 20513318694, '4720347', '', ''),
('R0397', 'LUIS DANIEL SARDI AYUB ', 10098515076, '4515911', 'PATRIOTAS 834 SAN MIGUEL ', '4515911'),
('R0398', 'JV ASCENSORES S.A. ', 20109914984, '2245347', 'JV ASCENSORES ', '2245347'),
('R0399', 'MUNDO TOTAL ', 0, '', '', ''),
('R0400', 'JUAN LUIS PALMA YAÑEZ ', 10068489836, '5366619', '', ''),
('R0401', 'LAMI FAST S.A. ', 20347676889, '2221649', '', ''),
('R0402', 'ROLDA PERU SAC ', 20509544809, '4827671', '', ''),
('R0403', 'CORREO PRIVADO SAC ', 20251715191, '2220555', '', ''),
('R0404', 'IMPORTACIONES BJC ILUMI EIRL ', 20506849382, '4670700', 'VENTAS@ILUMIPERU.COM ', '4670700'),
('R0405', 'REPUESTOS FREDDY SAC ', 20100765790, '3324543', '', ''),
('R0406', 'DIRECCION DE SALUBRIDAD AMBIENTAL ', 20339957763, '3270028', '', ''),
('R0407', 'SCOTIABANK PERU ', 0, '', '', ''),
('R0408', 'COMPUVIAJES S.A.C. ', 20512054481, '4728099', '', ''),
('R0409', '\"REPUESTOS Y ACCESORIOS GRAFICOS \"\"MONTALVO\"\" \"', 10061750016, '2638294', '', ''),
('R0410', 'SERVICIOS INDUSTRIALES AF ', 10090804192, '4318126', '', ''),
('R0411', 'AD PERU ', 20507878424, '2262812', '', ''),
('R0412', 'J & C SERVICIOS ', 10405373837, '4613730', 'JORGE LUIS FERNANDEZ R. ', '4613730'),
('R0413', 'STAR UP SA ', 0, '', '', ''),
('R0414', 'IMPRESOS Y DISEÑOS SAC ', 20432335721, '3365562', '', ''),
('R0415', 'GUSTAVO MARTINEZ JUAREZ EIRL ', 20458077119, '4470990', '', ''),
('R0416', 'AEROPOSTAL ', 0, '', '', ''),
('R0417', 'CENTRO INTEGRADO DE CIRUGIA SRL ', 20107682687, '3725500', '', ''),
('R0418', 'MECANICA FINA CASTRO ', 10095688859, '4583483', '', ''),
('R0419', 'ALGRAFICA SRL ', 20511746231, '4236580', '', ''),
('R0420', 'E&R MAESTRANZA INDUSTRIAL SAC ', 20506293503, '3370312', '', ''),
('R0421', 'SUNAD - ADUANAS ', 0, '', '', ''),
('R0422', 'SALES & SERVICES ', 10406099518, '4613726', 'CORNEJO JUAN ', '9418533'),
('R0423', 'TORRAS PAPEL S.A. ', 19599587814, '4820900', 'TORRAS PAPEL S.A. ', '4820920'),
('R0424', 'PAPELERA PARIS S.A.C. ', 20507550704, '5572947', 'PARIS 151 COMAS ', '5571559'),
('R0425', 'MEDIA PRODUCCIONES SAC ', 20510528388, '', '', ''),
('R0426', 'FEDERICO ORTIZ AGURTO ', 10079632622, '261-5650 ', '', ''),
('R0427', 'ccnet sa ', 20390150645, '2213380', '', ''),
('R0428', 'MULTISERVICIOS GRAFICOS EIRL ', 20515103130, '8155040', 'multiserviciosgraficos@gmail.com ', '8110318'),
('R0429', 'ACABADOS GRAFICOS GARCIA ', 20508635495, '4701154', '', ''),
('R0430', 'TRANSPORTE CRUZ DEL SUR ', 0, '', '', ''),
('R0431', 'BOLSAS Y CAJAS ', 0, '', '', ''),
('R0432', 'KAIZEN EMPRESARIAL ', 10415427145, '4312274', '', ''),
('R0433', 'PLASTICOS ALIAGA ', 10101257474, '4277690', '', ''),
('R0434', 'CONSUCODE ', 0, '', '', ''),
('R0435', 'MANUFACTURAS COBRA S.A. ', 20434024634, '3761221', ' ', ''),
('R0436', 'PREMIO PERU E.I.R.L. ', 20515060651, '7195530', '', ' '),
('R0437', 'MASTERCARD SCOTIABANK EMPRESARIAL ', 0, '', '', ''),
('R0438', 'GRAFICA REAL DEL PERU S.A.C ', 20102099436, '4728099', 'AV.AREQ.1575 B LINCE ', '4728099'),
('R0439', 'CAMECO COMERCIALIZADORA S.A.C. ', 20516592959, '5421546', ' ', ' '),
('R0440', 'OCTAVOARTE S.A.C. ', 20509634620, '4214973', ' ', ' '),
('R0441', 'JULIO IVAN VETTER RAMOS ', 10082009511, '3460189', 'AV. SAN LUIS 2051 -201 SB ', '3460189'),
('R0442', 'SOSA DIESEL S.R.LTDA. ', 20123293003, '2652614', ' ', ' '),
('R0443', 'DAMAZ PERU S.A.C. ', 20506357757, '4245527', ' ', ' '),
('R0444', 'TORARS PAPEL ', 0, '', '', ''),
('R0445', 'GASTOS DE ADUANAS ', 0, '', '', ''),
('R0446', 'JHON WILLIAMS RODRIGUEZ RODRIGUEZ ', 10096350592, '4855027', ' ', ' '),
('R0447', 'KELLY MANUFACTURAS TEXTILES ', 20109065472, '4714216', ' ', ' '),
('R0448', 'MONTRAG PERU E.I.R.L. ', 20516798573, '4459998', ' ', ' '),
('R0449', 'MAXIMO SALVATIERRA GOMEZ ', 0, '', '', ''),
('R0450', 'SODEXPO PASS PERU S.A.C. ', 0, '', '', ''),
('R0451', 'SUNAT - RETENCIONES 5TA. CATEGORIA ', 0, '', '', ''),
('R0452', 'GOVI - 4 EIRL ', 20110808713, '2652739', '', ''),
('R0453', 'GS1 PERU ', 0, '', '', ''),
('R0454', 'KOLMERT A. MALARIN RODRIGUEZ ', 10090213577, '4236334', ' ', ' '),
('R0455', 'SAYDA SAWAYA AGGIURO ', 0, '', '', ''),
('R0456', 'VACACIONES ', 0, '', '', ''),
('R0457', 'CORPORACION VENTURA SAC ', 20503877121, '', '', ''),
('R0458', 'MUNICIPALIDAD DE LIMA', 0, '', '', ''),
('R0459', 'CORPORACION GIGI SAC ', 0, '', '', ''),
('R0460', 'DIGITAL PRINT S.A. ', 20427192858, '4242458', ' ', ' '),
('R0461', 'CORPORACION M&P SERVICE S.A.C. ', 20513364025, '5619482', ' ', ' '),
('R0462', 'OPERADORES DE DISTRIBUCION S.A. ', 20340999101, '4714905', ' ', ' '),
('R0463', 'EDITORIAL SUPERGRAFICA E.I.R.L. ', 20101547401, '4266470', ' ', ' '),
('R0464', 'SYSTEMS & KNIFE DEL PERU S.A.C. ', 20517361845, '3747272', ' ', ' '),
('R0465', 'ENRIQUE M. RETO CORREA ', 10073543661, '5864687', ' ', ' '),
('R0466', 'ELECTRONIDS INGENIERIA Y SERVICIOS S.A.C. ', 20513152354, '4241096', ' ', ' '),
('R0467', 'FERRETERIA JUAN PALOMINO ', 0, '', '', ''),
('R0468', 'PEANCIR SERVICIOS INTEGRADOS S.A.C. ', 20510385099, '5748318', ' ', ' '),
('R0469', 'INDUMEXEM DEL PERU S.A.C. ', 20504934234, '4525720', ' ', ' '),
('R0470', 'MENDOZA RODRIGUEZ PAULINA ROSARIO ', 10254281820, '5942303', ' ', ' '),
('R0471', 'DISAL PERU S.A.C. ', 20198830195, '5122800', ' ', ' '),
('R0472', 'TERMOTROL S.A. ', 20174426270, '4440759', ' ', ' '),
('R0473', 'SISTEMAS INTELIGENTES S.A.C. ', 20501729451, '2240405', ' ', ' '),
('R0474', 'CONCEPTOS & IDEAS ', 20513291478, '4362539', ' ', ' '),
('R0475', 'PEDRO ANDRES SALDARRIAGA CROVETTO ', 10060748662, ' ', ' ', ' '),
('R0476', 'ASOCIACION CULTURAL PLAN 9 ', 20505576340, '2424411', ' ', ' '),
('R0477', 'OPTICAL IP WIRELESS S.A.C. ', 20513130113, '7107500', ' ', ' '),
('R0478', 'RUBER ADOLFO VENTURA QUEZADA ', 10426196901, '2853105', ' ', ' '),
('R0479', 'TRAZOS MARKETING PERU SAC ', 20122953247, '2736390', ' ', ' '),
('R0480', 'EXITUNO S.A. ', 20153270814, '2611930', ' ', ' '),
('R0481', 'OPTICAL IP SERVICIOS MULTIMEDIA S.A. ', 20503895537, '7107500', ' ', ' '),
('R0482', 'WALTER VASQUEZ - AGENDAS ', 0, '', '', ''),
('R0483', 'COMERCIAL KARODA S.R.L. ', 20340384491, '3810583', ' ', ' '),
('R0484', 'CESAR E. BALBIN CHAVEZ ', 10107147051, '3255632', ' ', ' '),
('R0485', 'TELESFORO REBOLLEDO CORREA ', 10076040279, '4729995', ' ', ' '),
('R0486', 'V & D DESIGN S.A.C. ', 20517937496, '93178933', ' ', ' '),
('R0487', 'MONTACARGAS Y GRUAS MANTARO S.R.L. ', 20516355230, '3255632', ' ', ' '),
('R0488', 'JULIAN QUISPE PALOMINO ', 10284727008, '7772790', ' ', ' '),
('R0489', 'ALLEMANT ASOCIADOS PERITOS VALUADORES S.A.C. ', 20468363080, '4361340', ' ', ' '),
('R0490', 'JUAN LUCERO VILCABAMBA ', 10073276298, ' ', ' ', ' '),
('R0491', 'JUAN ROQUE GARCIA ', 10075785751, '98718199', ' ', ' '),
('R0492', 'CORTAPIEDRAS DEL PERU S.A.C. ', 20510958048, '2736297', ' ', ' '),
('R0493', 'SOCIEDAD ANONIMA PAPELSA ', 20101927904, '5511735', 'gerencia@papelsa.net ', '5511850'),
('R0494', 'EQUIFAX PERU S.A. ', 20265681299, '4150300', ' ', ' '),
('R0495', 'FERROSTAAL PERU SAC ', 20100021251, '6166000', 'postmast@manferrostaal.com ', '6166005'),
('R0496', 'JUAN REVOLLEDO CORREA ', 10076214099, '99647543', ' ', ' '),
('R0497', 'MULTI EMPACK S.A.C. ', 20492132714, '4232290', ' ', ' '),
('R0498', 'VALDIVIA GOGNY BILLIE MILAGROS ', 10075919994, ' ', ' ', ' '),
('R0499', 'LATINO MEDIA PERU S.A.C. ', 20509599450, '2225801', ' ', ' '),
('R0500', 'RIMAC SEGUROS ', 0, '', '', ''),
('R0501', 'KHARLOS GALLEGOS CAMPOS ', 0, '', '', ''),
('R0502', 'OMAR MORA ', 0, '', '', ''),
('R0503', 'AUTOS Y MOTOS - REPARACIONES Y REPUESTOS ', 0, '', '', ''),
('R0504', 'ORLANDO TORRES BARRUETA ', 10095729717, '816*5898 ', ' ', ' '),
('R0505', 'MERCATOR CONSULTING S.A.C. ', 20509000370, '4315744', ' ', ' '),
('R0506', 'EPLI S.A.C. ', 20100712599, '3301595', ' ', ' '),
('R0507', 'LINDER DIGITAL S.A.C. ', 20513617683, '3332542', ' ', ' '),
('R0508', 'BAKO PRODUCCIONES AUDIOVISUALES S.A.C. ', 20514455547, '2814351', ' ', ' '),
('R0509', 'IVAN PANDURO CANAYO ', 10422106630, '999037877', '', ''),
('R0510', 'BELCOMP PERU E.I.R.L. ', 20512483764, '4283277', ' ', ' '),
('R0511', 'CACEDA VASQUEZ S.A. ', 20345439928, '3325222', ' ', ' '),
('R0512', 'J&J SERVICIOS TECNICOS S.R.L. ', 20131083409, '4247740', ' ', ' '),
('R0513', 'A. HARTRODT PERU S.A.C. ', 20377066635, '4639020', ' ', ' '),
('R0514', 'FELIX BENJAMIN CUBA SANCHEZ ', 10255548200, '4640057', ' ', ' '),
('R0515', 'ALMACENES BOCANEGRA S.A. ', 20101415831, '5742293', ' ', ' '),
('R0516', 'VACUUM IMPORT SAC ', 20492367193, '7846025', ' ', ' '),
('R0517', 'CARLOS ALBERTO AGUIRRE ALVARADO ', 10092643706, '6949792', ' ', ' '),
('R0518', 'MICHAL RAMIREZ BENAVIDES ', 0, '', '', ''),
('R0519', 'JOSE OTINIANO SANCHEZ ', 0, '', '', ''),
('R0520', 'CORPORACION AGUINAGA S.A.C. ', 20512900039, '4627711', ' ', ' '),
('R0521', 'OMAR MORA URUETA ', 0, '', '', ''),
('R0522', 'NELLY ARBIETO MORALES ', 0, '', '', ''),
('R0523', 'DORIS EDELMIRA MATTA TENA ', 10455518798, '5481691', ' ', ' '),
('R0524', 'LUIS ALBERTO CORTEZ MEDINA ', 10102872148, ' ', ' ', ' '),
('R0525', 'INDECO S.A. ', 20251293181, '4242175', ' ', ' '),
('R0526', 'OTROS GASTOS ', 0, '', '', ''),
('R0527', 'LAU VIDAL S.A.C. ', 20101792545, '4710505', ' ', ' '),
('R0528', 'JUAN PABLO VEGA AGREDA ', 10407893099, '3307344', ' ', ' '),
('R0529', 'ROSA E. BERNUY MANRIQUE ', 10068259059, '3324795', ' ', ' '),
('R0530', 'PUNTO PRECISO S.A.C. ', 20518861949, '6164800', ' ', ' '),
('R0531', 'ANDREA G. CALLE ALVARADO ', 10419208413, '2616712', ' ', ' '),
('R0532', 'ROXANA ARANA SERPA ', 10093121681, '3235356', ' ', ' '),
('R0533', 'MARIA TERESA HUERTAS AMEZ ', 10072422754, '3239690', ' ', ' '),
('R0534', 'ELECTRIC GROUP S.A.C. ', 20511753792, '4281443', ' ', ' '),
('R0535', 'COMERCIAL JIMMY PLAST E.I.R.L. ', 20514899933, '4239588', ' ', ' '),
('R0536', 'REPRESENTACIONES JAPAN MOTORS S.A.C. ', 20507536388, '2211558', ' ', ' '),
('R0537', 'M. SALVATIERRA ', 0, ' ', ' ', ' '),
('R0538', 'C.HERSA CAR-EIRL ', 20515265547, '4716030', ' ', ' '),
('R0539', 'TURBONNETT S.A.C. ', 20518919882, '7190466', ' ', ' '),
('R0540', 'GLOBAL PAPER S.A.C. ', 20517319300, '4703944', 'ventas@globalpaper.net ', '4703944'),
('R0541', 'J.R. & JHONSON ', 10101145501, '3301993', ' ', ' '),
('R0542', 'ROSSANA JACQUELINE ARIAS RIVADENEYRA ', 10427126663, '7957021', ' ', ' '),
('R0543', 'JUNOGRAF REPRESENTACIONES E.I.R.L. ', 20517872181, '4366470', ' ', ' '),
('R0544', 'ADRIANZEN CRUZ EDIN ARTURO ', 10105233243, '2802719', ' ', ' '),
('R0545', 'COEIN E.I.R.L. ', 20523152808, '7948644', ' ', ' '),
('R0546', 'RODOLFO VICTOR ALEGRIA PARIONA ', 10090737479, '4703746', ' ', ' '),
('R0547', 'SANTOS SIMON CASTILLO HERNANDEZ ', 10077065216, '4716030', ' ', ' '),
('R0548', 'SANTOS FLORES MEDINA ', 10413021338, '3363571', 'SANTOS FLORES ', '3663571'),
('R0549', 'CLARA ISABEL NAMUCHE CRUZADO ', 10085807299, '5227090', 'SR. SALVATIERRA ', '5227090'),
('R0550', 'EMMA C. CORTES CARRILLO ', 10061062446, '3310237', 'ROSA AVILA ', '3310237'),
('R0551', 'ROXANA BERMUDEZ HUARANCA ', 10425101388, '7869991', 'RAMIRO ', '7869991'),
('R0552', 'POLIURETANOS S.A. ', 20101578977, '4258881', 'EMILIANO ', '4258881'),
('R0553', 'CYM ACABADOS GRAFICOS SAC ', 20521765578, '4031636', 'EMILIANO ', '4031636'),
('R0554', 'CORPORACION COMPULINK SAC ', 20477799443, '834*4387 ', 'CRISTOBAL ', '834*4387 '),
('R0555', 'DAVID E. LIZANO ESPINOZA ', 10093989797, '836*5146 ', 'EMILIANO ', '836*5146 '),
('R0556', 'MILAGROS DEL PILAR PESANTES SILVA ', 10439332846, '989855797', ' ', ' '),
('R0557', 'IMPORTADORA Y DISTRIBUIDORA MELANNIE E.I.R.L. ', 20458861588, '4277317', ' ', ' '),
('R0558', 'FACTORIA HERMANOS HUAMAN S.R.L. ', 20506023468, '4414492', ' ', ' '),
('R0559', 'ELIPSIS AD PROCEDURES S.A. ', 20502705726, '9495248', ' ', ' '),
('R0560', 'ELCOM RESISTENCIAS E.I.R.L. ', 20518532961, '4264571', ' ', ' '),
('R0561', 'SUMINISTROS Y REPUESTOS DE EMERGENCIA S.A.C. ', 20509802271, '6287548', ' ', ' '),
('R0562', 'SAN FERNANDO ', 0, '', '', ''),
('R0563', 'SERICROM S.A.C. ', 20100435731, '7197730', ' ', ' '),
('R0564', 'INSTITUTO PACIFICO S.A.C. ', 20511647259, '3326117', ' ', ' '),
('R0565', 'TELMEX PERU S.A. ', 20264695385, ' ', ' ', ' '),
('R0566', 'DVR SOLUTION DIGITAL S.A.C. ', 20517037401, '3274567', ' ', ' '),
('R0567', 'TECNOLOGIA INDUSTRIAL S.A.C. ', 20513919779, '4272392', ' ', ' '),
('R0568', 'KC OPERADOR LOGISTICO S.A.C. ', 20523729765, '7871751', ' ', ' '),
('R0569', 'CORPORACION PERUANA DE PRODUCTOS QUIMICOS ', 20100073723, '3311010', 'SRTA. JUDITH ', '3311010'),
('R0570', 'MARIA ROSARIO LEANDRO SANTANDER ', 10088891631, '2517896', ' ', ' '),
('R0571', 'SOLAR GROUP S.A.C. ', 20522634841, '3307115', ' ', ' '),
('R0572', 'SEGUNDO FELIX SILVA JUAREZ ', 10073663348, ' ', ' ', ' '),
('R0573', 'LORENZO LLAJARUNA VALDEZ ', 10069446103, '5364665', ' ', ' '),
('R0574', 'HOUSE TOOLS E.I.R.L. ', 20510973276, '4272201', ' ', ' '),
('R0575', 'TAJENN PLAST E.I.R.L. ', 20521380277, '996431710', ' ', ' '),
('R0576', 'JOSE LUIS CONDORI LAZARO ', 10441863824, ' ', ' ', ' '),
('R0577', 'AREQUIPA EXPRESS COMITE 4 S.R.L. ', 20162574435, '4239860', ' ', ' '),
('R0578', 'DECORSERVIS ROJAS S.A.C. ', 20516823861, '4712124', ' ', ' '),
('R0579', 'V.E.C. SAN FRANCISCO S.A.C. ', 20524454697, '3311017', ' ', ' '),
('R0580', 'I.R. ELECTRONICS E.I.R.L. ', 20511315337, '4276627', ' ', ' '),
('R0581', 'SOCIEDAD AGRICOLA VIRU S.A. ', 20373860736, '44836304', ' ', ' '),
('R0582', 'M&M CONSORCIO Y SERVICIOS GENERALES S.A.C. ', 20511507325, '4728558', ' ', ' '),
('R0583', 'POWERS PERUANA S.A.C. ', 20511082219, '3300909', ' ', ' '),
('R0584', 'VIAMODEL E.I.R.L. ', 20523273931, '989316733', ' ', ' '),
('R0585', 'INDUSTRIA NAVARRETE E.I.R.L. ', 20509442046, '3301993', ' ', ' '),
('R0586', 'CONSTRUCTORA DE ACUMULADORES PERUANA S.A. ', 20100084504, '2026060', ' ', ' '),
('R0587', 'ELMER GUILLERMO GAMARRA SULLCA ', 10310286724, '988757796', ' ', ' '),
('R0588', 'MANROLAND LATINA S.A.C. ', 20523901410, '2225252', ' ', ' '),
('R0589', 'CARLOS ANGEL LEON CHACON ', 10071696371, '996303838', ' ', ' '),
('R0590', 'TIGRE GRAPH S.A.C. ', 20508963581, '4700550', ' ', ' '),
('R0591', 'EDSON FERNANDO CAPARACHIN FERNANDEZ ', 10412338478, '997275812', ' ', ' '),
('R0592', 'AIR POWER S.A.C. ', 20108498537, '7193618', ' ', ' '),
('R0593', 'UHC SOLUCIONES E.I.R.L. ', 20521344980, '7871751', ' ', ' '),
('R0594', 'LEONIDAS PIZARRO ALEGRIA ', 0, '', '', ''),
('R0595', 'BANCO FINANCIERO ', 0, '', '', ''),
('R0596', 'TRADI S.A. ', 0, '7122222', ' ', ' '),
('R0597', 'CORPORACION INTEGRAL DE TRANSPORTES S.A.C. ', 20503891973, '7686150', ' ', ' '),
('R0598', 'AMERICAN REPS S.R.L. ', 20108764512, '5122121', ' ', ' '),
('R0599', 'IMPORT-EXPORT ACUZA S.A.C. ', 20514152137, '4777185', ' ', ' '),
('R0600', 'GABRIELA RECOBA INOÑAN ', 10068821555, '5292851', ' ', ' '),
('R0601', 'FERRETERIA MASTER E.I.R.L. ', 20432173055, '2631194', ' ', ' '),
('R0602', 'GUILLERMO CANDIA SEGUIN ', 10255194661, '4267683', ' ', ' '),
('R0603', 'JULIO CESAR VARGAS ARAUJO ', 10256827285, '4395162', ' ', ' '),
('R0604', 'ADOLFO MARTIN PERALTA SOTO ', 10097185536, '5222476', ' ', ' '),
('R0605', 'MAXIMO JORGE GRADOS RIVERA ', 10406554550, ' ', ' ', ' '),
('R0606', 'CHRISTIAN ERICK ANDRADE SOLANO ', 10098741921, '2780113', ' ', ' '),
('R0607', 'BANCO INTERAMERICANO DE FINANZAS ', 0, '', '', ''),
('R0608', 'PVC INDUSTRIAS EIRL ', 20511663882, '6281937', 'IVONNE CABELLO ', '6281937'),
('R0609', 'AGUILA CENTER S.A.C. ', 20524667097, '4280655', ' ', ' '),
('R0610', 'V & G REPRESENTACIONES GENERALES SAC ', 20518168895, '4721861', 'ESTEBAN VASQUEZ ', '8347525'),
('R0611', 'OPTICAL NETWORKS S.A.C. ', 20521668378, '7107500', ' ', ' '),
('R0612', 'FOTOGRABADOS M. BALLERO E.I.R.L. ', 20510332998, '4246821', ' ', ' '),
('R0613', 'PLACIDO SERRANO ROJAS ', 10421322207, '5316723', ' ', ' '),
('R0614', 'STUDIO DIGITAL EDITORES S.A.C. ', 20512620001, '4251504', ' ', ' '),
('R0615', 'DIMFORT S.R.L. ', 20299759068, '3326253', ' ', ' '),
('R0616', 'PROMOTORES ELECTRICOS S.A. ', 20100084172, '7125500', ' ', ' '),
('R0617', 'OMNITECNICA S.A.C. ', 20101099904, '2256889', 'OMNITECNICA ', '4768049'),
('R0618', 'INVERSIONES Y SERVICIOS DEL PERU S.R.L. ', 20377385226, '2659431', ' ', ' '),
('R0619', 'CASA FISHING E.I.R.L ', 20431940460, '4287644', 'RECEPCION ', '4272537'),
('R0620', 'BIF HOME CENTER S.A.C. ', 20477928359, '2231156', ' ', ' '),
('R0621', 'TIPIANAN BULEJE SARA VIRGINIA ', 10074942453, '3248097', 'TIPIANA ', '985345066'),
('R0622', 'CORPORACION ESYM PERU SAC ', 20516745534, '4311348', 'MIGUEL MESA ', '4311348'),
('R0623', 'CMF ELECTRIC INDUSTRIAL EIRL ', 20524534968, '4265491', 'R. CAMPOS ', '4265491'),
('R0624', 'COMERCIAL ANAY ', 10099362044, '4270577', 'CARLOS ANAY ', '4270577'),
('R0625', 'MULTIPARTES GRAFICAS S.A.C. ', 20537043874, '7656876', 'MULTIPARTES GRAFICAS ', '4001582'),
('R0626', 'LUIS PIZARRO ALEGRIA ', 0, '', '', ''),
('R0627', 'AYITADAP S.A.C. ', 20515200178, '5942738', ' ', ' '),
('R0628', 'MICARBEL EIRL ', 20503519551, '4713972', 'RAFAEL MAURTUA ', '4713972'),
('R0629', 'MECANICA INDUSTRIAL EMANUEL EIRL ', 20522937585, '4582225', ' ', '4582225'),
('R0630', 'ALDO ATILA MEDINA GARRIDO ', 10102247341, '5399721', ' ', ' '),
('R0631', 'MULTI TOP S.A.C. ', 20388853752, '6194444', ' ', ' '),
('R0632', 'TOSCANA TRADING S.A.C. ', 20509316849, '2472278', ' ', ' '),
('R0633', 'ARTE TROQUEL E.I.R.L. ', 20509975966, '3377404', ' ', ' '),
('R0634', 'MAQUINET ESTRUCTURAS E.I.R.L. ', 20519165229, '3479391', '990416097', '419*0724 '),
('R0635', 'GLADYS ROCIO YAMPUFE CAMAYO ', 10806543034, '3241517', ' ', ' '),
('R0636', 'TECNOLOGIA HOYOS S.R.L. ', 20517940101, '4284184', '.VENTAS@HOYOS.PE ', '4280875'),
('R0637', 'CONSORCIO ELECTRICO INDUSTRIAL S.A.C. ', 20519022461, '4261961', 'consorcio ', '4085635'),
('R0638', 'ZEGARRA DEL POZO BLADIMIR ', 10062324851, '', 'BLADIMIR ZEGARRA ', ''),
('R0639', 'EDITORIAL IMPRENTA MINERVA S.A.C. ', 20101021204, '4812960', ' ', ' '),
('R0640', 'MIGUEL CAMPOS PARRA ', 10075696511, '', '', ''),
('R0641', 'AGENCIAS UNIVERSALES PERU S.A. ', 20269215624, '6260700', ' ', ' '),
('R0642', 'E-BUSINESS INTERCHANGE ZONE S.A.C. ', 20502007018, '5183360', ' ', ' '),
('R0643', 'LUIS CASTAÑEDA JORGE ', 10009638232, '2537307', ' ', ' '),
('R0644', 'CARTAGENA ROJAS AMALIA MARIA ', 10098024722, '', '', ''),
('R0645', 'FOTOGRABADOS ALCEM S.A.C. ', 20514561576, '4281287', ' ', ' '),
('R0646', 'JOSE ESTANISLAO RIOS LEIVA ', 10090049378, '2586461', ' ', ' '),
('R0647', 'KIPUGRAF SAC ', 20502629523, '3587138', 'RAMIRO ', '3587138'),
('R0648', 'DISTRIBUIDORA BRENOR SAC ', 20522295613, '4700280', 'LUZ CENTENO ', '4703136'),
('R0649', 'ARTEGRAF.COM S.A.C. ', 20525112323, '989261184', ' ', ' '),
('R0650', 'GRUPO NORPAL S.A.C. ', 20511498407, '5282000', ' ', ' '),
('R0651', 'JHANO IMPORT E.I.R.L. ', 20501442837, '4283127', ' ', ' '),
('R0652', 'CENCORP SERVICE S.R.L. ', 20524090717, '4357133', ' ', ' '),
('R0653', 'C&C ANDINA S.A.C. ', 20504716326, '4705713', ' ', ' '),
('R0654', 'SUNAT - RENTA REGULARIZACION ', 0, '', '', ''),
('R0655', 'CORPORACION REQUENA EIRL ', 20384185992, '4730353', 'SR. REQUENA ', '8163646'),
('R0656', 'SISTEMAS PROCONT S.A.C. ', 20518888553, '2614802', ' ', ' '),
('R0657', 'TREFAL SAC ', 20538413501, '4255090', 'ORLANDO CERRO ', '4255090'),
('R0658', 'LARAMIE TRADING S.A.C. ', 20506654450, ' ', ' ', ' '),
('R0659', 'RUEDA RIOS LUIS OSCAR ', 10257801069, '', 'LUIS RUEDA ', ''),
('R0660', 'MANUEL NOYA DE LA PIEDRA ', 10082315590, '4273921', 'NOYA DE LA PIEDRA ', '4278768'),
('R0661', 'MANUFACTURA INDUSTRIAL CUELLAR S.A.C. ', 20451711246, '3312853', ' ', ' '),
('R0662', 'SODIMAC PERU S.A. ', 20389230724, '2119500', ' ', ' '),
('R0663', 'WILFREDO RIVERA BENDEZU ', 10093631418, '2653576', ' ', ' '),
('R0664', 'TARCILA CORREA PALACIOS ', 10061692041, '4240732', ' ', ' '),
('R0665', 'AXIS TRADE S.A.C. ', 20522608336, '4262745', ' ', ' '),
('R0666', 'MAESTRO PERU S.A. ', 20112273922, '2426828', ' ', ' '),
('R0667', 'SUNAT - OTROS ', 0, '', '', ''),
('R0668', 'LUCY COLOR E.I.R.L. ', 20512701001, '4716292', ' ', ' '),
('R0669', 'TRUPAL S.A ', 20418453177, '3852043', 'ALFREDO DE LA TORRE ', '3852048'),
('R0670', 'PAPELERA DIMAR SAC ', 20538716074, '7152795', 'CARMEN ROSA ROJAS ', '7230873'),
('R0671', 'FERRETERIA PALMAR S.A.C. ', 20523845242, '7191720', ' ', ' '),
('R0672', 'COGELUB SAC ', 20543916171, '4650860', 'DAVID FLORES ', '4650860'),
('R0673', 'ELECTROFRAN S.A.C. ', 20492078329, '4716611', ' ', ' '),
('R0674', 'INVERSIONES MARITIMAS UNIVERSALES PERU S.A. ', 20259171891, '6190200', ' ', ' '),
('R0675', 'GRAFIRI E.I.R.L. ', 20543625281, '5690043', ' ', ' '),
('R0676', 'GLOBAL NEYER ', 10065596101, '6864827', 'ERNESTO MALPARTIDA ', '6864827'),
('R0677', 'SERVICIOS GRAFICOS PERUANOS S.A. ', 20392960636, '3377404', ' ', ' '),
('R0678', 'EMILIANO CESAR GALINDO CONDE ', 10098464285, '99-833*7214', ' ', ' '),
('R0679', 'DISTRIBUIDORA B&N HNOS. S.A.C. ', 20506421943, '4726285', ' ', ' '),
('R0680', 'HERQUIMAQ ', 10401275601, '4718365', 'ERICK QUIÑONES ', '4718365'),
('R0681', 'PRESGRAF S.A.C. ', 20392933230, '2222138', ' ', ' '),
('R0682', 'HILARIA TADEO FLORES ', 10095188741, '3812031', ' ', ' '),
('R0683', 'DAMASCO CONSTRUCCIONES S.A.C. ', 20535925543, '7988566', ' ', ' '),
('R0684', 'INVERSIONES MEGATOP S.A.C. ', 20523496051, '3815960', ' ', ' '),
('R0685', 'WERNER HANS ANDERS ZIEDEK ', 10077763851, '3260359', ' ', ' '),
('R0686', 'Distribuidora OPTIFAJAS S.A.C. ', 20514431958, '3303303', ' ', ' '),
('R0687', 'CARMEN YVONNE LARA VARGAS ', 10402475892, '4248983', ' ', ' '),
('R0688', 'CARRASCO PUSE FLOR DE MARIA ', 10458845901, '4826785', ' ', ' '),
('R0689', 'PIZARRO CASAFRANCA PIERO ', 10422162793, '6510256', 'PIERO PIZARRO ', '6510256'),
('R0690', 'ABEL DEL AGUILA PEREZ ', 10009657369, '7731733', 'ABEL PEREZ ', '7731733'),
('R0691', 'EDGAR ANDRES TELLO ', 10208939870, '2620071', 'EDGAR TELLO ', '813*9771 '),
('R0692', 'WURTH PERU SAC ', 20348687191, '3482727', 'JUAN MANUEL FERNANDEZ ', '3482727'),
('R0693', 'SANTIAGO MASIAS ', 0, '', '', ''),
('R0694', 'ACCESORIOS GRAFICOS ', 10404113181, '8153233', 'DANIEL SANCHEZ ARNAO ', '8153233'),
('R0695', 'FELICIANO PAUCAS CRISOSTOMO ', 10070146717, '2543216', 'FELICIANO PAUCAS ', '114*6876 '),
('R0696', 'FOX PRINT ', 20492135497, '6523765', 'CESAR ', '6523765'),
('R0697', 'JUAN CESAR HUAMANI ', 10100932691, '4263555', 'JUAN CESAR ', '830*7288 '),
('R0698', 'BANCO INTERBANK ', 0, '', '', ''),
('R0699', 'BENCOR INTERNATIONAL E.I.R.L. ', 20545435579, '4246980', ' ', ' '),
('R0700', 'JORGE MURO MEGO ', 0, '', '', ''),
('R0701', 'LUZMILA CARMEN RICALDI CASO ', 10212871511, '4725892', ' ', ' '),
('R0702', 'J & D RODAMIENTOS E.I.R.L. ', 20513542900, '4231837', 'jdrodamientoseirl@hotmail.com ', '4231837'),
('R0703', 'CHAMORRO HUAMAN MARGOT YSABEL ', 10081112415, '8144024', 'MARGOT CHAMORRO ', '8144024');
INSERT INTO `proveedor` (`PROVEEDCODIGO`, `PROVEEDRAZON_SOCIAL`, `PROVEEDRUC`, `PROVEEDTELEFONO_EMPRESA`, `PROVEEDCONTACTO`, `PROVEEDTELEFONO_CONTACTO`) VALUES
('R0704', 'SOLUCIONES GRAFICAS AGUIRRE E.I.R.L. ', 20543516580, '3312002', ' ', ' '),
('R0705', 'ILLUMS SERVICIOS GENERALES S.A.C. ', 20513576049, '5376918', ' ', ' '),
('R0706', 'GUSTAVO E. ORBEGOZO CONTRERAS ', 10066714816, '2586679', ' ', ' '),
('R0707', 'BRILLISA E.I.R.L. ', 20515641620, '2651825', ' ', ' '),
('R0708', 'HANSOL PAPER CO, LTD ', 33344455566, '', 'HANSOL ', ''),
('R0709', 'INVERSIONES TIAGOS E.I.R.L. ', 20544017102, '4729801', ' ', ' '),
('R0710', 'CORPORACION INKILLAY S.A.C. ', 20546375197, '5793397', ' ', ' '),
('R0711', 'R.G. REFRIGERACION S.R.L. ', 20101073859, '4424590', ' ', ' '),
('R0712', 'CORPORACION PRINT MASTER S.AC. ', 20523249399, '4728466', ' ', ' '),
('R0713', 'CORPORACION ELIEZER SAC ', 20514643203, '7150409', 'VENDEDOR ', '7150410'),
('R0714', 'REPRESENTACIONES & INVERSIONES DOMENIQUE SAC ', 20503640547, '3367735', 'CARLOS ARCE (ACUZA) ', '3367735'),
('R0715', 'DEPRECIACION MAQUINAS ', 55689925523, '2658942', 'PROVISIONAL ', '2654892'),
('R0716', 'PLANILLA ADMINISTRATIVOS ', 12280982123, '3329658', 'PERSONAL ', '3356985'),
('R0717', 'IMPORTACIONES A. AVILA Y M. E.I.R.L. ', 20535548901, '3542389', ' ', ' '),
('R0718', 'JULCA AGUIRRE ANGEL MANUEL ', 10255789835, '7915039', 'JULCA AGUIRRE ANGEL MANUEL ', '815*085 '),
('R0719', 'FREDY VIZCARRA ZENTENO INGENIERO CIVIL S.A.C. ', 20503393272, '4612360', ' ', ' '),
('R0720', 'AQUILES PERU S.A.C. ', 20512031782, '7198422', ' ', ' '),
('R0721', 'RESERINGRAF S.A.C. ', 20522644481, '6867342', ' ', ' '),
('R0722', 'JOCRISCEL ', 10461989522, '5566341', 'CELEDONIA HUERTAS ', '5566341'),
('R0723', 'PRODUCTOS Y SERVICIOS PACHECO E.I.R.L. ', 20546501168, '4717520', ' ', ' '),
('R0724', 'ROLANDO JESUS TRUJILLO ALFARO ', 10084981309, '6594813', ' ', ' '),
('R0725', 'RAMIRO DEL CARPIO PEÑARES ', 10296096275, ' ', ' ', ' '),
('R0726', 'PERU ELECTRIC CORPORATION S.R.L. ', 20514714232, '4288434', ' ', ' '),
('R0727', 'VELCAR PERU SAC ', 20548063028, '7149898', 'PEDRO VELARDE ', '7149898'),
('R0728', 'CORPORACIO SINTETICA INDUSTRIAL SAC ', 20516855551, '5362162', 'VICTOR ROSILLO ', '5362162'),
('R0729', 'MARTIN WESTLAND EXPORT S.L. ', 0, '', '', ''),
('R0730', 'ALLTRONICS PERU S.A.C. ', 0, '6627150', ' ', ' '),
('R0731', 'CORPORACION POZOBLANCO S.A.C. ', 20543541185, '4235290', ' ', ' '),
('R0732', 'DEBBIE PRINTER COLOR E.I.R.L. ', 20522550231, '648*7865 ', ' ', ' '),
('R0733', 'RA REPUESTOS ORIGINALES S.A.C. ', 20520866711, '4455080', ' ', ' '),
('R0734', 'SGS DEL PERU S.A.C. ', 20100114349, ' ', ' ', ' '),
('R0735', 'ALFREDO ZAMUDIO M. ', 10154399131, '4222191', ' ', ' '),
('R0736', 'CARLOS ALFREDO MAGUIÑA LA TORRE ', 10257572558, '4541342', ' ', ' '),
('R0737', 'SCHENKER PERU S.R.L.. ', 0, '5748439', ' ', ' '),
('R0738', 'L & C TRANSPERS S.A.C. ', 20548555087, '5218573', ' ', ' '),
('R0739', 'ATVULCAFLEX SAC ', 20518022840, '2921259', 'RAMIRO ', '4239784'),
('R0740', 'DIGIGRAF PLUS SAC ', 20523852451, '4335233', '', '4335233'),
('R0741', 'ALVARO GUERRERO CASTELLO ', 10255262039, '999841303', 'ALVARO ', '999841303'),
('R0742', 'YOHERSA YOSHIMOTO HERMANOS S.A.C. ', 20100080932, '3230022', ' ', ' '),
('R0743', 'HOT PERU E&G S.A.C ', 20524504465, '4245306', ' ', ' '),
('R0744', 'SOLANO BOCANEGRA INES MARCIANA ', 10102336696, '4373551', 'INES SOLANO ', '7998225'),
('R0745', 'EQUIPOS INDUSTRIALES PANPERU S.A.C. ', 20524622239, '5310719', ' ', ' '),
('R0746', 'DURAND FLORES HELMER BENIGNO ', 10093486965, '3814887', ' ', ' '),
('R0747', 'VIA VENUS S.A.C. ', 20543921093, '3810583', ' ', ' '),
('R0748', 'COMPRESORAS Y ACCESORIOS S.A.C. ', 20546290442, '5372606', ' ', ' '),
('R0749', 'DIVECENTER S.A.C. ', 20520588486, '7122083', ' ', ' '),
('R0750', 'SLOGISTIC S.A. ', 20547468903, ' ', ' ', ' '),
('R0751', 'PACIFICO EDITORES S.A.C. ', 20519049822, '3303642', ' ', ' '),
('R0752', 'TECNIMPORT S.A ', 20131044179, '4377344', 'ALEJANDRO FLORES ', '4377344'),
('R0753', 'DISTRIBUIDORA SAN LUIS ', 10073375661, '3473138', 'MARCELINO MENDOZA ARRIETA ', '3473138'),
('R0754', 'IMPORTADORA CARBAJAL ', 10327751781, '5343577', '8913514', '8913514'),
('R0755', 'ESMATEC SAC ', 20549959548, '2025550', '2025550', '2025550'),
('R0756', 'JUAN CARLOS QUISPE YUPANQUI ', 10406594608, '997507633', '997507633', '997507633'),
('R0757', 'MEGABATTERY SAC ', 20544069081, '2661875', '2661875', '2661875'),
('R0758', 'C & L RODAMIENTOS EIRL ', 20549098291, '4245783', '4245783', '4245783'),
('R0759', 'COMERCIAL ANIC S ', 10101595531, '943570003', '943570003', '943570003'),
('R0760', 'COMERCIAL Y & T ', 10450547544, '956756805', '956756805', '956756805'),
('R0761', 'EMPRESA DE TRANSPORTES ANDA TOURS S.A. ', 20386016951, '5390854', '', '9975551'),
('R0762', 'NIKITA MULTI SERVICE SRL ', 20512359753, '5786796', '5786796', '5786796'),
('R0763', 'SERVICIOS GRAFICOS PENIEL ', 10076388925, '4717107', '4717107', '4717107'),
('R0764', 'ACCESS NET SYSTEM ', 10416457439, '4335183', '4335183', '4335183'),
('R0765', 'AC & SERVICIOS ', 10254346662, '5634459', '5634459', '5634459'),
('R0766', 'SPECTRA IMPORT SAC ', 20524651174, '994053752', '994053752', '994053752'),
('R0767', 'VISA - BANCO FINANCIERO ', 0, '', '', ''),
('R0768', 'TECNO FLUID SERVICE SAC ', 20520716409, '3300808', '3300808', '3300808'),
('R0769', 'CORPORACION PERUANA ALEMANA KPA ', 20202971157, '2541113', 'RAMIRO CAMPOS ', '2541113'),
('R0770', 'OPTICAL TECHNOLOGIES S.A.C. ', 20552504641, '7107500', '17107500', '7107510'),
('R0771', 'KRIS & MAIR SAC ', 20551801994, '4281287', '4281287', '4281287'),
('R0772', 'STEHLI SA INGENIEROS ', 20100542731, '4253992', '4253992', '4253992'),
('R0773', 'TRUJILLO MEDINA DAVID ALVIN ', 10464745322, '6594813', 'DAVID TRUJILLO ', '6594813'),
('R0774', 'FOX EXPRESS SERVICES SAC ', 20515181441, '7195166', '7195166', '7195166'),
('R0775', 'SERVICIO TECNICO DE MAQUINAS E.I.R.L. ', 20520618652, '3051659', '227690', '4286203'),
('R0776', 'MECAP ', 10104376245, '3668347', '3668347', '3668347'),
('R0777', 'AC IMPRESIONES & ACABADOS ', 20550208769, '4222191', '4222191', '4222191'),
('R0778', 'ELECTRONICA INDUSTRIAL Y SERVICIOS SAC ', 20106696269, '4475511', '4475511', '4475511'),
('R0779', 'IBM DEL PERU SAC ', 20100075009, '6256000', '6256000', '6256000'),
('R0780', 'GHAMALIGRAF EIRL ', 20554868241, '999841303', '999841303', '999841303'),
('R0781', 'ARTES GRAFICOS JOMAC ', 10238610538, '7842364', '7842364', '7842364'),
('R0782', 'CORPORACION GRAFICA UNIVERSAL ', 20544680081, '4233218', '', '4233218'),
('R0783', 'M & S NEGOCIOS ', 10095477912, '4726273', '4726273', '4726273'),
('R0784', 'SERVICIOS DE ACABADOS DE IMPRENTA ESTAMPADO DE POLOS PUBLICITARIOS ', 10402334199, '5837335', '5837335', '5837335'),
('R0785', 'INDUSTRIA GRAFICA CIMAGRAF SAC ', 20136492277, '2650453', '2650453', '2650453'),
('R0786', 'APPRAISALS & CONCULTING CORPORATE SAC ', 20538774350, '4701515', '4701515', '4701515'),
('R0787', 'QONSTRUYE DRYWALL SAC ', 20548422010, '987957393', '987957393', '987957393'),
('R0788', 'ALEJANDRINA CAJUSOL DAMIAN ', 10091490914, '', '', ''),
('R0789', 'AIRE ACONDICIONADO SAN PEDRO ', 10255283851, '3429036', '3429036', '3429036'),
('R0790', 'CREATIVA SOLUCIONES INFORMATICAS SAC ', 20523244753, '3586457', '3586457', '3586457'),
('R0791', 'BUSINESS GRAPHICS ', 20305689751, '4444423', 'FGDFGDF ', '4342342'),
('R0792', 'SERTELGRAF PERU S.A.C. ', 20556263834, '3512401', '998965472', '3512401'),
('R0793', 'RESERINGRAF PERU SAC ', 20555684488, '4336350', '4336350', '4336350'),
('R0794', 'CORPORACION PLASTICOS CRUZ SAC ', 20537658666, '4550002', '4550002', '4550002'),
('R0795', 'GRATIFICACIONES ', 0, '', '', ''),
('R0796', 'SERMEGRAF ', 10095122308, '5512049', '5512049', '5512049'),
('R0797', 'INDUSTRIAS PLASTICAS CAUTE SRL ', 20382757981, '3366542', '3366542', '3366542'),
('R0798', 'D-J. ELECTRO CARMEN ', 10448494115, '6678690', '6678690', '6678690'),
('R0799', 'MG INDUSTRIAS ', 10084355092, '3739333', '3739333', '3739333'),
('R0800', 'TRANSPORTES BOCANEGRA ', 10076425782, '2658161', '2658161', '2658161'),
('R0801', 'RODRIGUEZ ROMERO MANUEL ', 10088676829, '4458370', '4458370', '4458370'),
('R0802', 'GIOVANA HILDA CHIPANA PAITAN ', 10442449517, '990039405', '990039405', '990039405'),
('R0803', 'COIM & DIS S.R.LTDA. ', 20125474471, '3810352', '3810352', '3810352'),
('R0804', 'AUTRONIC SAC ', 20507998918, '6194900', '6194900', '6194900'),
('R0805', 'CORPORACION SOLAR GROUP EIRL ', 20548398551, '4270256', '4270256', '4270256'),
('R0806', 'ALRILARA EIRL ', 20556730718, '944256122', '944256122', '944256122'),
('R0807', 'MEGA COMPUTER SRL ', 20554887547, '6923194', '6923194', '6923194'),
('R0808', 'CESAR DIAZ REYNA ', 10082350212, '4271155', '4271155', '4271155'),
('R0809', 'V & V PLAST SAC ', 20549420959, '5226283', '5226283', '5226283'),
('R0810', 'ANDRES MATEO OGNIO SOLIS ', 10062026451, '4637526', '4637526', '4637526'),
('R0811', 'MI BANCO ', 20501491615, '4755555', '4755555', '4755555'),
('R0812', 'BANCO FALABELLA ', 20111350183, '3435555', '3435555', '3435555'),
('R0813', 'FREDDY GONZALES LIMA ', 10102522902, '942727063', '942727063', '942727063'),
('R0814', 'HIDROMETAL SERVICE SAC ', 20550586011, '3628676', '3628676', '3628676'),
('R0815', 'INDUSTRIAS POLYMAR SAC ', 20511394296, '3261509', '', '3261509'),
('R0816', 'DISTRIBUIDORA Y SERVICIOS GRAFICOS LCH EIR ', 20127795771, '4311316', '4311316', '43131316'),
('R0817', 'TP BUSINESS CONSULTING SAC ', 20545452406, '4252621', '4252621', '4252621'),
('R0818', 'EXPRESS TRANSPORTS SA ', 20513171651, '2514040', '2514040', '2514040'),
('R0819', 'LUBCOM SAC ', 20521622629, '7153222', '7153222', '7153222'),
('R0820', 'OPERACIONES Y SERV.GRALES SA ', 20210975862, '', '', ''),
('R0821', 'GENERAVAPOR SA ', 20101284477, '4244891', '4244891', '4244891'),
('R0822', 'JUAN ERNESTO VALLADARES CRUZ ', 10061275504, '5580000', '992755496', '4269594'),
('R0823', 'ELECTRONICA INDUSTRIAL DEL SUR SAC ', 20466319431, '4289337', '4289337', '4289337'),
('R0824', 'GRANDPOWER SCRL ', 20514991074, '3328251', '3328251', '3328251'),
('R0825', 'HEWLETT-PACKARD PERU SRL ', 20335020872, '4112000', '4112000', '4112000'),
('R0826', 'FULLPRINT INDUSTRIA GRAFICA ', 20551351182, '4241916', '4241916', '4241916'),
('R0827', 'JCL SUMINISTROS E.I.R.L. ', 20563089386, '9938736', '', '9938736'),
('R0828', 'SONIA CHONLON CUEVA ', 10803113659, '3086403', '3086403', '3086403'),
('R0829', 'GASOLINA ', 0, ' ', ' ', ' '),
('R0830', 'KOBAX PAPER ', 0, '3053734460', ' ', ' '),
('R0831', 'CHRISTIAN MARTIN SEGURA CABADA ', 10098409888, '3643657', '3643657', '3643657'),
('R0832', 'GAMBOA ROMERO EVERT YVAN ', 10222957520, '5678693', 'GAMBOA ROMERO ', '6176846'),
('R0833', 'GRAFICA IDEAL E.I.R.L. ', 20510132719, '4206292', 'Sra Alicia ', '4206292'),
('R0834', 'JONATHAN SIANCAS GALAN ', 10462441288, '996208386', '996208386', '996208386'),
('R0835', 'INVERSIONES YAMER EIRL ', 20554870733, '998328509', '998328509', '998328509'),
('R0836', 'LA POSITIVA ', 20454073143, '2110000', '2110000', '2110000'),
('R0837', 'MOISES MARTIN TORRICO GUZMAN ', 10067021822, '996248809', '996248809', '996248809'),
('R0838', 'CONVERTIDORA SAN SEBASTIAN EIRL ', 20543918386, '817*2361 ', '817*2361 ', '817*2361 '),
('R0839', 'INSTITUTO LATINOAMERICANO DE EMPRESAS Y NEGOCIOS SAC ', 20538103579, '2653430', '2653430', '2653430'),
('R0840', 'EXIMPORT DISTRIBUIDORES DEL PERU SA ', 20100041520, '4261025', '4261025', '4261025'),
('R0841', 'LAZARTE GRAFICOS S.A.C. ', 20548943419, '3341774', '920-7896 ', '947-002 '),
('R0842', 'GION BAJO SAC ', 20536299204, '983441812', '983441812', '983441812'),
('R0843', 'G & N ROJAS SA ', 20100095531, '4728099', '4728099', '4728099'),
('R0844', 'RAFAEL PINEDO DIAZ ', 10405207082, '998994696', '998994696', '998994696'),
('R0845', 'DIRECTV ', 20110884130, '23456722', '', '43534543'),
('R0846', 'ENTEL PERU ', 20110884134, '23456722', '', '43534543'),
('R0847', 'JUGANDO SAC ', 20548572925, '3155000', '3155000', '3155000'),
('R0848', 'AYALA FLORES ENRIQUE ', 10080973425, '4525110', 'FLORES ', '9999700'),
('R0849', 'MEGA TRAZO SAC ', 20514200808, '4445536', '4445536', '4445536'),
('R0850', 'ROSA LUZ CUSI GOMEZ ', 10102315095, '2962913', '2962913', '2962913'),
('R0851', 'SAPPI PAPIER HOLDING ', 20100043140, '5267675', '5267675', '5267675'),
('R0852', 'SCHUTTE & BUNEMANN ', 0, '', '', ''),
('R0853', 'IMAX PRINT SAC ', 20557891855, '4270256', '4270256', '4270256'),
('R0854', 'FERREMAURO Y HNOS SCRL ', 20516287641, '2853795', '2853795', '2853795'),
('R0855', 'VICENTE GUSTAVO ORBEGOZO SARZO ', 10066304995, '2586679', '2586679', '2586679'),
('R0856', 'ASOCIACION GRAFICA UNION DE IMPRENTAS ', 20140454223, '7196404', '7196404', '7196404'),
('R0857', 'SERMUTEC A-1 EIRL ', 20547419953, '5364665', '5364665', '5364665'),
('R0858', 'JORDAN IMPORT EIRL ', 20548772771, '981347283', '981347283', '981347283'),
('R0859', 'INTER ANDEAN TRADING SAC ', 20511393648, '3312334', '3312334', '3312334'),
('R0860', 'AFICSA SAC ', 20478006501, '4311699', '4311699', '4311699'),
('R0861', 'GRAFIZA EIRL ', 20554828371, '2651825', '2651825', '2651825'),
('R0862', 'INVERSIONES CENTRO PRINT ', 20537446138, '3376634', '', '3397128'),
('R0863', 'LUIS DANIEL PAJUELO GUILLEN ', 10093469611, '44559521', '44559521', '44559521'),
('R0864', 'FUMY EXTINGSERVIS SAC ', 20566116066, '2621979', '2621979', '2621979'),
('R0865', 'LP SERVIMAR SAC ', 20556070521, '3038622', '3038622', '3038622'),
('R0866', 'DISTUGRAF SAC ', 20100332681, '4110500', '4110500', '4110500'),
('R0867', 'CARMEN AMBROSIO GUERRERO ', 10426053131, '958873833', '958873833', '958873833'),
('R0868', 'PERUREB INGENIEROS SRL ', 20508536918, '4533558', '4533558', '4533558'),
('R0869', 'FORMAS UNIVERSALES SAC ', 20509962392, '4671900', '4671900', '4671900'),
('R0870', 'INDUSTRIA TECHNI PERU EIRL ', 20557920464, '998150859', '998150859', '998150859'),
('R0871', 'IMAGEN PRINT SAC ', 20600670116, '960366755', '960366755', '960366755'),
('R0872', 'JHUDIT CHAMBI CANAHUIRE ', 10443359732, '4035348', '4035348', '4035348'),
('R0873', 'EDGARDO MANRIQUE TASADORES SAC ', 20337603611, '2418327', '2418327', '2418327'),
('R0874', 'SARA INES ALARCON CARRION ', 10802762327, '3873201', '3873201', '3873201'),
('R0875', 'CAP LOGISTIC ADUANAS SAC ', 20492822907, '6313737', '6313737', '6313737'),
('R0876', 'CMA OPERADOR INTEGRAL SAC ', 20548564400, '6313737', '6313737', '6313737'),
('R0877', 'LIVER INT. EIRL ', 20524114080, '4815106', '4815106', '4815106'),
('R0878', 'PACIFICO LIMA SAC ', 20600447786, '6193719', '6193719', '6193719'),
('R0879', 'RGB & ASOCIADOS S.A.C. ', 20520683128, '4711205', '4711205', '4711205'),
('R0880', 'MANUFACTURA Y SERVICIOS EN GENERAL II ', 10098041155, '3312853', '3312853', '3312853'),
('R0881', 'RENZO VELASQUEZ RAMOS ', 10435669293, '2562352', '2562352', '2562352'),
('R0882', 'COMERCIAL SOLUCIONES V Y A EIRL ', 20600239261, '4619795', '4619795', '4619795'),
('R0883', 'CENCOSUD RETAIL PERU SA ', 20109072177, '6250000', '6250000', '6250000'),
('R0884', 'FRIOMOTORINDUSTRIAL SAC ', 20565832388, '988885592', '988885592', '988885592'),
('R0885', 'TEMPUTRONIC SAC ', 20507891366, '6194900', '6194900', '6194900'),
('R0886', 'KAESER COMPRESORES DE PERU S.R.L. ', 20538349730, '7184203', '7184203', '7184203'),
('R0887', 'ROSARIO VERONICA MEZA PIZARRO ', 10074394979, '946089532', '946089532', '946089532'),
('R0888', 'RHONA PERU SAC ', 20544671091, '4644459', '4644459', '4644459'),
('R0889', '3E SOLUCIONES S.A.C. ', 20392849794, '4033968', '4033968', '4033968'),
('R0890', 'ROSA ERIKA CHALCO BLAS ', 10467467242, '942696089', '942696089', '942696089'),
('R0891', 'DICOMET PERU SAC ', 20509711047, '4815152', '4815152', '4815152'),
('R0892', 'CERTIFICACIONES DEL PERU S.A. ', 20100011884, '3199000', '3199000', '3199000'),
('R0893', 'PERSONALIZA SAC ', 20515263331, '4701187', 'Chura ', '4701187'),
('R0894', 'LUIS ROBERTO LUNA CASTRO ', 10092851317, '2673227', '2673227', '2673227'),
('R0895', 'AUTOMAQ CORPORATION SAC ', 20600429354, '6284881', '6284881', '6284881'),
('R0896', 'MULTISERVICIOS A & A VILCHEZ EIRL ', 20392685074, '7374753', '7374753', '7374753'),
('R0897', 'EDGAR QUISPE MARCELO ', 10070814337, '980466500', '980466500', '980466500'),
('R0898', 'FERRETERIA JULITO ', 10410431578, '988111204', '988111204', '988111204'),
('R0899', 'ANTONIO PASCUAL CHILON AYAY ', 10154337259, '6629043', '6629043', '6629043'),
('R0900', 'LUIS GONZALES DIAZ ', 10201073851, '998745593', '998745593', '998745593'),
('R0901', 'GERMAN INVERSIONES & REPRESENTACIONES EIRL ', 20545664331, '950003112', '950003112', '950003112'),
('R0902', 'ROTORIN EIRL ', 20565256964, '7478964', '7478964', '7478964'),
('R0903', 'TUPAL SRL TUCOS Y PAPELES SRL ', 20387418611, '5391958', 'CARMEN ROSA ', '7199403'),
('R0904', 'CEKEL SERVICE EIRL ', 20549006940, '2578470', '2578470', '2578470'),
('R0905', 'ISC PERU CARGO S.A.C. ', 20556321541, '7134821', ' ', ' '),
('R0906', 'IMPECO PERU EIRL ', 20550482828, '6820599', '6820599', '6820599'),
('R0907', 'INTERMEDIAHOST SAC ', 20566575923, '2429234', '2429234', '2429234'),
('R0908', 'BEST SECURITY DEL PERU SAC ', 20475120001, '5123100', '5123100', '5123100'),
('R0909', 'PUMA LARICO SONIA LIDIA ', 10408325973, '3151520', '3151520', '3151520'),
('R0910', 'TASAYCO ORTIZ RICHARD ', 10258464511, '5772736', '5772736', '5772736'),
('R0911', 'A & M CARS SERVICE S.A.C. ', 20566524938, '4727524', '4727524', '4727524'),
('R0912', 'FUSION CREATIVA EIRL ', 20545546991, '3290272', '3290272', '3290272'),
('R0913', 'D MARTINEZ S.R.LTDA. ', 20252812921, '994041685', '994041685', '994041685'),
('R0914', 'SERVICIOS GRAFICOS OSCAR SAC ', 20515637860, '995826262', '995826262', '995826262'),
('R0915', 'UNION PAK DEL PERU SA ', 20422096605, '4728099', '4728099', '4728099'),
('R0916', 'EMAPA CAÑETE SA ', 20176170876, '5813249', '5813249', '5813249'),
('R0917', 'BRAMMERTZ INGENIEROS SA ', 20337787755, '2084600', '2084600', '2084600'),
('R0918', 'TECNIFAJAS SA ', 20100244714, '5610600', '5610600', '5610600'),
('R0919', 'ABAD SISTEM EIRL ', 20505329768, '2224922', '2224922', '2224922'),
('R0920', 'VISA BCO. CONTINENTAL ', 20100130204, '4728099', '4728099', '4728099'),
('R0921', 'SCHUTTE AND BUNEMANN GMBH AND CO. KG ', 10101222626, '4728080', '4728080', '4728080'),
('R0922', 'ELECTRO CARBON SAC ', 20100263425, '4231168', '4231168', '4231168'),
('R0923', 'KLM CIA REAL HOLANDESA DE AVIACION ', 20100103738, '4728099', '4728099', '4728099'),
('R0924', 'SOTO CORNEJO LUIS ALBERTO ', 10062696058, '4728099', '4728099', '4728099'),
('R0925', 'DIETZ VALVERDE LUIS ENRIQUE ', 10072508284, '4616709', '4616709', '4616709'),
('R0926', 'MECANICA FINA UNIVERSAL SAC ', 20551154786, '3860326', '3860326', '3860326'),
('R0927', 'LENIN VLADIMIR MEJORADA SOTO ', 10095514338, '4726273', '4726273', '4726273'),
('R0928', 'WILFREDO CELSO LEIVA VELASQUEZ ', 10088913928, '994121622', '994121622', '994121622'),
('R0929', 'ALVAREZ GUZMAN SERGIO LORENZO ', 10073693620, '4728099', '4728099', '4728099'),
('R0930', 'LOVIGRAF ', 20601420318, '4702188', '4702188', '4702188'),
('R0931', 'SERVICIOS EMPRESARIALES DE CERTIFICACION SOCIEDAD ANONIMA CERRADA ', 20600781708, '4728099', '4728099', '4728099'),
('R0932', 'JESUS ALBERTO ORTIZ FLORES ', 10708334699, '4728000', '4728000', '4728000'),
('R0933', 'MARCOS SIPAN JAVIER ULISES ', 10097968824, '4280009', '4280009', '4280009'),
('R0934', 'Alexander Aragon Ramirez ', 10086815112, '4728099', '4728099', '4728099'),
('R0935', 'GRAFICA MILAGROS ', 20543338894, '3698956', '3698956', '3698956'),
('R0936', 'SANTOS ORTIZ PEDRO MIGUEL ', 10705429010, '947170802', '947170802', '947170802'),
('R0937', 'IMPORTACIONES INSUGRAF ', 20547008902, '4243881', '4243881', '4243881'),
('R0938', 'PAPELERA AYMARA ', 20528963123, '5689365', 'SRA. GLADYS ', '5689365'),
('R0939', 'HACEL PERU S.A.C. ', 20547420960, '2747226', '', '986264979'),
('R0940', 'GRUPO BONNETT S.A. ', 20117331823, ' ', ' ', ' '),
('R0941', 'SUNAT - ITAN ', 0, ' ', ' ', ' '),
('R0942', 'FIBRAS INDUSTRIALES ', 20100028850, '6195000', '6195000', '6195000'),
('R0943', 'BUMERAN.COM PERU S.A.C. ', 20519147247, '7029960', ' ', '989396191'),
('R0944', 'TRANSFER PRICING ADVISORS S.A.C. ', 20553175691, '1234561', 'ANDRADE ROJAS JORGE EUGENIO ', '1234561'),
('R0945', 'SOSA GOMEZ JENRY MISAEL ', 10417573068, ' ', ' ', ' '),
('R0946', 'EXPERTUS S.A.C. ', 20551181597, '969614800', '955901899', ' '),
('R0947', 'DE ALMACEN ', 89965362138, '4728099', '4728099', 'Almacen '),
('R0948', 'GRAFICARMEN EIRL ', 20602315551, '2889746', ' ', '998192553'),
('R0949', 'COMERCIAL FM S.A. ', 20128384333, '4761011', '4761011', '4761011'),
('R0950', 'GRUPO CENTRO PRINT SAC ', 20602295118, '3376634', '3376634', '3376634'),
('R0951', 'CASA DIAZ HNOS S.A.C. ', 20601793475, '4282313', '998101679', '4271155'),
('R0952', 'JORGE LUIS TRILLO CACERES ', 10419974663, '993821124', ' ', ' '),
('R0953', 'INTERCOOL PERU S.R.L. ', 20537803429, '4233139', '3303738', ' '),
('R0954', 'ELECTRICIDAD MECANICA INDUSTRIAL ELIAS S.A.C. ', 20504435076, '4262025', ' ', ' '),
('R0955', 'SENDA TI SOLUTIONS S.A.C. ', 20547143435, '2314119', '924018108', ' '),
('R0956', 'AJL ESPINOZA SERVICIOS GENERALES ', 20548337845, '997581771', ' ', '998261670'),
('R0957', 'CONTINENTAL S.A.C. ', 20100038146, ' ', ' ', ' '),
('R0958', 'BTSYS EIRL ', 20505769229, ' ', ' ', ' '),
('R0959', 'SOSA INGENIERIA GRAFICA S.A.C. ', 20602997007, '948050094', '998151845', '998335273'),
('R0960', 'CHUQUICALLATA YUCRA MILAGROS AMPUERO ', 10477674661, '946135042', '960127546', ' '),
('R0961', 'CHIPAO ACUÑA LUIS ALBERTO ', 10482936461, '921883255', ' ', ' '),
('R0962', 'MARCOS ANTONIO PALOMINO DAVILA ', 10425371652, '995834229', ' ', '946534734'),
('R0963', 'SAN BARTOLOME S.A. ', 20125327509, '3621000', '981467617', '945237368'),
('R0964', 'INTERSEGURO ', 0, '', ' ', ''),
('R0965', 'TEXTITOP S.R.L. ', 20479078611, '4581012', '', '4584140'),
('R0966', 'CHEM TOOLS SAC ', 20507926844, '5285814', ' ', ' '),
('R0967', 'CRISTA GROUP EIRL ', 20600377214, '970001280', 'CRISTAGROUP@GMAIL.COM ', '970001198'),
('R0968', 'MONTEGRAF SERVICIOS GRAFICOS EIRL ', 20537041669, '', '', ''),
('R0969', 'DIMERC OFFICE ', 20537321190, '7112300', 'SARDILES ', '7112300'),
('R0970', 'COMERCIAL Y REPRESENTACIONES MUÑOZ EIRL ', 20547986106, '4276827', 'MILAGROS ', '4276827'),
('R0971', 'COMERCIAL LUZFANNY EIRL ', 20517317358, '2657588', 'MILAGROS ', '2657588'),
('R0972', 'FOX EXPRESS CARGO SAC ', 20600526392, '2653289', '', '2653289'),
('R0973', 'COBEÑAS COBEÑAS ', 20100841303, '3356253', '336989', '5896334'),
('R0974', 'AUTOMOTRIZ LEONALE EIRL ', 20548555672, '2540309', '981414125', ' '),
('R0975', 'INDUSTRIAL GAMEDA ', 21035893411, '3325689', 'JAKELIN ', '3356892'),
('R0976', 'JORGE LUIS SAAVEDRA ALVA ', 10155820484, '966725054', ' ', ' '),
('R0977', 'FULLEN INTERNATIONAL PERU S.A.C. ', 20600826574, ' ', ' ', ' '),
('R0978', 'PRIETO BRICEÑO DEBORHA THAYLIN ', 10731486374, '3365892', 'roberto prieto ', '3345689'),
('R0979', 'BANCO DE COMERCIO ', 0, ' ', ' ', ' '),
('R0980', 'GRAFICOS INTEGRALES J & J SAC ', 20602030840, '5683088', '942468942', '938168223'),
('R0981', 'BUFALO ASOCIADOS SAC ', 20510231377, '3568952', 'BECERRA ', '3568952'),
('R0982', 'GRAMBS CORPORACION GRAFICA SAC ', 20100512662, '2196560', '2196560', '2196560'),
('R0983', 'ITALO RAMOS ', 56895623362, '3395689', '3395689', '3395689');




-- *****************************************************
-- Entidad Registro de Servicios [SERV]
-- *****************************************************




INSERT INTO `servicio` (`SERVCODIGO`, `SERVDESCRIPCION`, `SERVCALCULO_LINEAL`, `SERVANCHO`, `SERVPRECIO_UNITARIO`, `SERVTIPO`, `SERVFACTOR`, `SERVMONEDA`, `SERVDESCUENTO`, `ESTCODIGO`, `SUBFAMCODIGO`, `SERVPRECIO_PAPEL`) VALUES
('WINNT4-AD', 'SOFTWARE ADOBE GOLIVE 5.0 PARA MAC/PC FULL PACK CD', 'No', '0.00', '457.00000', 'Modificable', '0.00000', 'Dolares', '0.00', 45, 'SF25', '0.000'),
('VE-REFILE', 'RECICLAJE REFILES', 'No', '0.00', '0.00000', 'Especial', '0.00000', 'Dolares', '0.00', 45, 'SF36', '0.000'),
('VE-PLACAS', 'RECICLAJE PLACAS', 'No', '0.00', '0.00000', 'Especial', '0.00000', 'Dolares', '0.00', 45, 'SF36', '0.000'),
('VE-PAPEL', 'VENTA PAPEL', 'No', '0.00', '0.00000', 'Especial', '0.00000', 'Dolares', '0.00', 45, 'SF36', '0.000'),
('VE-ENVASES', 'RECICLAJE ENVASES', 'No', '0.00', '0.00000', 'Especial', '0.00000', 'Dolares', '0.00', 45, 'SF36', '0.000'),
('VE-CHATARA', 'RECICLAJE CHATARRA', 'No', '0.00', '0.00000', 'Especial', '0.00000', 'Dolares', '0.00', 45, 'SF36', '0.000'),
('TONHP5-AD', 'TONER LASER JETHP5/6PC3903A', 'No', '0.00', '89.44000', 'Modificable', '0.00000', 'Dolares', '0.00', 45, 'SF33', '0.000'),
('TEC-POW', 'TECLADO POWER USER', 'No', '0.00', '88.00000', 'Modificable', '0.00000', 'Dolares', '0.00', 45, 'SF22', '0.000'),
('SWHTTP-AD', 'SOFTWARE WEBTRENDS ONE YEAR SUBSCRIPTION', 'No', '0.00', '189.00000', 'Modificable', '0.00000', 'Dolares', '0.00', 45, 'SF25', '0.000'),
('SH-SELPOST', 'SELECCION DE COLOR (CMYK) POSTSCRIPT', 'No', '0.00', '5.51000', 'Modificable', '0.01575', 'Dolares', '0.00', 45, 'SF16', '0.000'),
('SH-PELPOST', 'PELICULA 1 COLOR EN POSTSCRIPT', 'No', '0.00', '2.00000', 'Modificable', '0.00394', 'Dolares', '0.00', 45, 'SF16', '0.000'),
('SERV-MO', 'SERVICIO POR MANO DE OBRA', 'No', '0.00', '0.00000', 'Especial', '0.00000', 'Dolares', '0.00', 45, 'SF36', '0.000'),
('PRUEBA', 'PRUEBAS', 'No', '0.00', '2.00000', 'Fijo', '0.00440', 'Dolares', '0.00', 45, 'SF21', '0.000'),
('PRACTI-SOL', 'AGENDAS PRACTICA', 'No', '0.00', '0.00000', 'Especial', '0.00000', 'Soles', '0.00', 45, 'SF36', '0.000'),
('PR-VENTASS', 'POR EL SIGUIENTE CONCEPTO-VENTAS VARIAS SOLES', 'No', '0.00', '0.00000', 'Especial', '0.00000', 'Soles', '0.00', 45, 'SF36', '0.000'),
('PR-VENTAS', 'POR EL SIGUIENTE CONCEPTO-VENTAS VARIAS', 'No', '0.00', '0.00000', 'Especial', '0.00000', 'Dolares', '0.00', 45, 'SF36', '0.000'),
('PR-SILU ', 'SILUETEADO O CALADO DE IMÁGENES', 'No', '0.00', '5.00000', 'Modificable', '0.00000', 'Dolares', '0.00', 45, 'SF17', '0.000'),
('PR-SELFUEN', 'SELECCION DE COLOR (CMYK) FUENTE', 'No', '0.00', '7.87000', 'Fijo', '0.02540', 'Dolares', '0.00', 45, 'SF16', '0.000'),
('PR-SEL3600', 'SELECCION DE COLOR A 3,600 DPI', 'No', '0.00', '50.00000', 'Fijo', '0.25000', 'Soles', '0.00', 45, 'SF16', '0.000'),
('PR-SE03 ', 'SERVICIO DE MENSAJERIA A PROV. AEREA', 'No', '0.00', '1.00000', 'Modificable', '0.00000', 'Dolares', '0.00', 45, 'SF20', '0.000'),
('PR-SE02 ', 'SERVICIO DE MENSAJERIA A PROV. TERRESTRE', 'No', '0.00', '1.00000', 'Modificable', '0.00000', 'Dolares', '0.00', 45, 'SF20', '0.000'),
('PR-SE01 ', 'SERVICIO DE MENSAJERIA LOCAL', 'No', '0.00', '12.00000', 'Modificable', '0.00000', 'Soles', '0.00', 45, 'SF20', '0.000'),
('PR-SC05 ', 'SCANEADO A COLOR MINIMO', 'No', '0.00', '2.69000', 'Fijo', '0.00000', 'Dolares', '0.00', 45, 'SF17', '0.000'),
('PR-SC04 ', 'SCANNEADO EN GRIS O LINEAL SEG. MED. P/GRABAR', 'No', '0.00', '4.48000', 'Fijo', '0.01492', 'Dolares', '0.00', 45, 'SF17', '0.000'),
('PR-SC03 ', 'SCANNEADO A COLOR SEGUN MEDIDA PARA GRABAR', 'No', '0.00', '5.25000', 'Fijo', '0.02602', 'Dolares', '0.00', 45, 'SF17', '0.000'),
('PR-SC02 ', 'SCANNEADO EN GRISES O LINEALES SEGUN MEDIDA', 'No', '0.00', '1.79000', 'Fijo', '0.00746', 'Dolares', '0.00', 45, 'SF17', '0.000'),
('PR-SC01 ', 'SCANEADO A COLOR SEGUN MEDIDA', 'No', '0.00', '2.69000', 'Fijo', '0.01301', 'Dolares', '0.00', 45, 'SF17', '0.000'),
('PR-REVI ', 'REVISION DE TIFF DEL CLIENTE', 'No', '0.00', '10.00000', 'Fijo', '0.00000', 'Soles', '0.00', 45, 'SF17', '0.000'),
('PR-RETO ', 'RETOQUE DE IMÁGENES', 'No', '0.00', '17.00000', 'Modificable', '0.00000', 'Dolares', '0.00', 45, 'SF17', '0.000'),
('PR-PELFUEN', 'PELICULA 1 COLOR FUENTE', 'No', '0.00', '3.00000', 'Fijo', '0.00625', 'Dolares', '0.00', 45, 'SF16', '0.000'),
('PR-PELE ', 'TRANSMISION A PELICULA (1 COLOR)', 'No', '0.00', '11.12000', 'Fijo', '0.03706', 'Soles', '0.00', 45, 'SF16', '0.000'),
('PR-PEL3600', 'PELICULA B/N A 3600 DPI', 'No', '0.00', '12.50000', 'Fijo', '0.06250', 'Soles', '0.00', 45, 'SF16', '0.000'),
('PR-PAPE ', 'TRANSMISION A PAPEL FOTOGRAFICO', 'No', '0.00', '9.90000', 'Fijo', '0.02805', 'Soles', '0.00', 45, 'SF19', '0.000'),
('PR-PA05 ', 'PANEAU DE 17 A MAS ELEMENTOS', 'No', '0.00', '0.00000', 'Fijo', '0.13000', 'Soles', '0.00', 45, 'SF13', '0.000'),
('PR-PA04 ', 'PANEAU DE 5 - 8 ELEMENTOS', 'No', '0.00', '0.00000', 'Fijo', '0.07000', 'Soles', '0.00', 45, 'SF13', '0.000'),
('PR-PA03 ', 'PANEAU DE 9 - 12 ELEMENTOS', 'No', '0.00', '0.09000', 'Fijo', '0.09000', 'Soles', '0.00', 45, 'SF13', '0.000'),
('PR-PA02 ', 'PANEAU DE 13 - 16 ELEMENTOS', 'No', '0.00', '0.00000', 'Fijo', '0.11000', 'Soles', '0.00', 45, 'SF13', '0.000'),
('PR-PA01 ', 'PANEAU DE 0 - 4 ELEMENTOS', 'No', '0.00', '54.00000', 'Fijo', '0.05000', 'Soles', '0.00', 45, 'SF13', '0.000'),
('PR-MATC01 ', 'PRUEBA DE COLOR MATCHPRINT MINIMO', 'No', '0.00', '12.86000', 'Fijo', '0.00000', 'Dolares', '0.00', 45, 'SF18', '0.000'),
('PR-MATC ', 'PRUEBA COLOR MATCHPRINT', 'No', '0.00', '13.43000', 'Fijo', '0.04477', 'Dolares', '0.00', 45, 'SF18', '0.000'),
('PR-IMAR ', 'IMPORTACION DE ARCHIVOS I/O IMÁGENES', 'No', '0.00', '30.00000', 'Modificable', '0.00000', 'Soles', '0.00', 45, 'SF17', '0.000'),
('PR-HOMAQUI', 'HORA MAQUINA', 'No', '0.00', '10.00000', 'Modificable', '0.00000', 'Dolares', '0.00', 45, 'SF13', '0.000'),
('PR-GRCD ', 'GRABACION A DISCO CD ROM', 'No', '0.00', '10.00000', 'Fijo', '0.00000', 'Dolares', '0.00', 45, 'SF14', '0.000'),
('PR-GRAB ', 'BACKUP O RESTORE X MB: ZIP,JAZ,BERNOULLI,SYQUEST', 'No', '0.00', '1.00000', 'Fijo', '0.00000', 'Soles', '0.00', 45, 'SF14', '0.000'),
('PR-FOGR ', 'FOTOMONTAJE EN GRISES', 'No', '0.00', '30.00000', 'Modificable', '0.00000', 'Soles', '0.00', 45, 'SF17', '0.000'),
('PR-FOCO ', 'FOTOMONTAJE A COLOR', 'No', '0.00', '40.00000', 'Modificable', '0.00000', 'Soles', '0.00', 45, 'SF17', '0.000'),
('PR-FLETE', 'SERVICIO DE FLETE', 'No', '0.00', '0.00000', 'Especial', '0.00000', 'Dolares', '0.00', 45, 'SF36', '0.000'),
('PR-EXIM ', 'EXPORTADO DE TEXTO,IMAGEN Y/O TEXTURA', 'No', '0.00', '10.00000', 'Modificable', '0.00000', 'Dolares', '0.00', 45, 'SF17', '0.000'),
('PR-ESPE ', 'PRUEBA ESPECIAL: FOTOLITO Y MATCHPRINT MINIMO', 'No', '0.00', '17.14000', 'Modificable', '0.00000', 'Dolares', '0.00', 45, 'SF16', '0.000'),
('PR-ER01 ', 'EFECTO DE MOVIMIENTO', 'No', '0.00', '25.00000', 'Modificable', '0.00000', 'Soles', '0.00', 45, 'SF17', '0.000'),
('PR-ENIM ', 'EMPATE DE IMAGEN', 'No', '0.00', '15.00000', 'Modificable', '0.00000', 'Soles', '0.00', 45, 'SF17', '0.000'),
('PR-EF07 ', 'EFECTO OPACIDAD', 'No', '0.00', '15.00000', 'Modificable', '0.00000', 'Soles', '0.00', 45, 'SF17', '0.000'),
('PR-EF06 ', 'EFECTO EMBOSS', 'No', '0.00', '20.00000', 'Modificable', '0.00000', 'Soles', '0.00', 45, 'SF17', '0.000'),
('PR-EF05 ', 'EFECTO DUOTONO', 'No', '0.00', '20.00000', 'Modificable', '0.00000', 'Soles', '0.00', 45, 'SF17', '0.000'),
('PR-EF04 ', 'EFECTO DE FEATHER', 'No', '0.00', '15.00000', 'Modificable', '0.00000', 'Soles', '0.00', 45, 'SF17', '0.000'),
('PR-EF03 ', 'EFECTO DE EXTRUDE', 'No', '0.00', '20.00000', 'Modificable', '0.00000', 'Soles', '0.00', 45, 'SF17', '0.000'),
('PR-EF02 ', 'EFECTO DE BLUREADO', 'No', '0.00', '20.00000', 'Modificable', '0.00000', 'Soles', '0.00', 45, 'SF17', '0.000'),
('PR-DIAG ', 'DIAGRAMACION DE TEXTO', 'No', '0.00', '20.00000', 'Modificable', '0.00000', 'Soles', '0.00', 45, 'SF13', '0.000'),
('PR-D-COL ', 'DAR COLOR A IMAGEN B/N', 'No', '0.00', '70.00000', 'Modificable', '0.00000', 'Soles', '0.00', 45, 'SF17', '0.000'),
('PR-CTRA ', 'CONFECCION DE TRAMA', 'No', '0.00', '20.00000', 'Modificable', '0.00000', 'Soles', '0.00', 45, 'SF13', '0.000'),
('PR-CRGB ', 'CONVERSION DE TIFF DE RGB A CMYK', 'No', '0.00', '10.00000', 'Modificable', '0.00000', 'Soles', '0.00', 45, 'SF17', '0.000'),
('PR-CONC ', 'POR EL SIGUIENTE CONCEPTO', 'No', '0.00', '5.00000', 'Modificable', '0.00000', 'Dolares', '0.00', 45, 'SF15', '0.000'),
('PR-COLO ', 'COLOCACION EN ARCHIVO', 'No', '0.00', '20.00000', 'Modificable', '0.00000', 'Dolares', '0.00', 45, 'SF13', '0.000'),
('PR-CLOG ', 'CONFECCION DE LOGOTIPO', 'No', '0.00', '20.00000', 'Modificable', '0.00000', 'Soles', '0.00', 45, 'SF13', '0.000'),
('PR-CGRI ', 'CONVERSION DE TIFF A COLOR A GRIS', 'No', '0.00', '20.00000', 'Modificable', '0.00000', 'Soles', '0.00', 45, 'SF13', '0.000'),
('PR-CFON ', 'CONFECCION DE FONDO', 'No', '0.00', '20.00000', 'Modificable', '0.00000', 'Soles', '0.00', 45, 'SF13', '0.000'),
('PR-CDEG ', 'CONFECCION DE DEGRADE', 'No', '0.00', '25.00000', 'Modificable', '0.00000', 'Soles', '0.00', 45, 'SF13', '0.000'),
('PR-CDDF ', 'DESFRAGMETACION DE DISCO PARA CD', 'No', '0.00', '30.00000', 'Fijo', '0.00000', 'Soles', '0.00', 45, 'SF14', '0.000'),
('PR-CCOD ', 'CONFECCION DE CODIGO DE BARRAS', 'No', '0.00', '15.00000', 'Modificable', '0.00000', 'Soles', '0.00', 45, 'SF13', '0.000'),
('PR-CAMB ', 'CAMBIOS EN ARCHIVO, DE COLOR, PROGRAMA Y/O DE MEDI', 'No', '0.00', '5.00000', 'Modificable', '0.00000', 'Dolares', '0.00', 45, 'SF13', '0.000'),
('PR-ARMA ', 'ARMADO SEGUN BOCETO', 'No', '0.00', '30.00000', 'Modificable', '0.00000', 'Dolares', '0.00', 45, 'SF13', '0.000'),
('PL-VARILLA', 'VARILLAS EN PVC PARA PLOTTER', 'No', '0.00', '5.20000', 'Modificable', '8.60000', 'Dolares', '0.00', 45, 'SF9', '0.000'),
('PL-PP360 ', 'PLOTTER EN PAPER PRODUCTION EN 360', 'No', '0.00', '10.00000', 'Fijo', '1.00000', 'Dolares', '0.00', 45, 'SF9', '1.910'),
('PL-PLAMA ', 'PLASTIFICADO MATE DE PLOTTER', 'No', '0.00', '9.20000', 'Modificable', '9.20000', 'Dolares', '0.00', 45, 'SF9', '0.000'),
('PL-PLABR ', 'PLASTIFICADO BRILLANTE DE PLOTTER', 'No', '0.00', '5.00000', 'Modificable', '5.00000', 'Dolares', '0.00', 45, 'SF9', '0.000'),
('PL-FOAM ', 'BASE PARA GIGANTOGRAFIA', 'No', '0.00', '9.30000', 'Modificable', '9.30000', 'Dolares', '0.00', 45, 'SF9', '0.000'),
('PL-DIS360 ', 'PLOTTER EN DISPLAY DE 360 DPI', 'No', '0.00', '10.00000', 'Fijo', '1.00000', 'Dolares', '0.00', 45, 'SF9', '1.910'),
('PL-CM720 ', 'IMPRESION COATED MATE DE 720', 'No', '0.00', '25.00000', 'Modificable', '1.00000', 'Dolares', '0.00', 45, 'SF9', '8.800'),
('PL-CM360 ', 'IMPRESION PLOTTER COATED MATE 360', 'No', '0.00', '18.00000', 'Fijo', '1.00000', 'Dolares', '0.00', 45, 'SF9', '5.400'),
('PL-BOND ', 'BOND 135', 'No', '0.00', '10.00000', 'Modificable', '1.00000', 'Dolares', '0.00', 45, 'SF9', '3.200'),
('PL-BA360 ', 'IMPRESION BANNER 360', 'No', '0.00', '25.00000', 'Modificable', '1.00000', 'Dolares', '0.00', 45, 'SF9', '12.570'),
('PL-AD90 ', 'IMPRESION ADHESIVO DE 360 POR ANCHO DE 90', 'No', '0.00', '18.67000', 'Fijo', '1.00000', 'Dolares', '0.00', 45, 'SF9', '19.000'),
('PL-AD136 ', 'IMPRESION ADHESIVO 360 POR ANCHO DE 136', 'No', '0.00', '26.50000', 'Fijo', '1.00000', 'Dolares', '0.00', 45, 'SF9', '25.560'),
('MON17-AD', 'MONITOR APPLE 17 MULTIPLE SCAN AUDIO/VIDEO/SPEAKE', 'No', '0.00', '1898.56000', 'Modificable', '0.00000', 'Soles', '0.00', 45, 'SF30', '0.000'),
('MON15-AD', 'MONITOR APPLE 15 MULTIPLE SCAN AU/VIDEO/ SPEAKERS', 'No', '0.00', '1400.80000', 'Modificable', '0.00000', 'Soles', '0.00', 45, 'SF30', '0.000'),
('IN-TINTAS', 'SERVICIO TINTAS', 'No', '0.00', '0.00000', 'Especial', '0.00000', 'Dolares', '0.00', 45, 'SF36', '0.000'),
('IN-TFWC56', 'TARJ. FAXMODEM WIN COMM - PCI 56KBPS', 'No', '0.00', '84.75000', 'Modificable', '0.00000', 'Dolares', '0.00', 45, 'SF22', '0.000'),
('IN-TFMUSR', 'TARJETA FAXMODEM U.S.ROBOTICS 33.6 KBS', 'No', '0.00', '119.00000', 'Modificable', '0.00000', 'Dolares', '0.00', 45, 'SF22', '0.000'),
('IN-PLACAS', 'SERVICIO PLACAS', 'No', '0.00', '0.00000', 'Especial', '0.00000', 'Dolares', '0.00', 45, 'SF36', '0.000'),
('IN-PAPEL', 'VENTAS PAPEL', 'No', '0.00', '0.00000', 'Especial', '0.00000', 'Dolares', '0.00', 45, 'SF36', '0.000'),
('IN-NCFAX33', 'TARJETA FAX MODEM DE 33.6 W/VOICE NEWCOM', 'No', '0.00', '50.85000', 'Modificable', '0.00000', 'Dolares', '0.00', 45, 'SF22', '0.000'),
('IN-MOTRL56', 'MODEM MOTOROLA 56K', 'No', '0.00', '59.32000', 'Fijo', '0.00000', 'Dolares', '0.00', 45, 'SF22', '0.000'),
('IN-MISDNTE', 'MODEM ISDN TELESBRI 16.3', 'No', '0.00', '296.61000', 'Fijo', '0.00000', 'Dolares', '0.00', 45, 'SF22', '0.000'),
('IN-MBOCA33', 'TARJ. FAX MODEM BOCAHOME 33600', 'No', '0.00', '127.12000', 'Modificable', '0.00000', 'Dolares', '0.00', 45, 'SF22', '0.000'),
('IN-HMSPEED', 'H/M SPEEDMASTER', 'No', '0.00', '80.00000', 'Especial', '0.00000', 'Dolares', '0.00', 45, 'SF36', '0.000'),
('IN-HMPONY', 'H/M ENCOLADORA PONY', 'No', '0.00', '20.00000', 'Especial', '0.00000', 'Dolares', '0.00', 45, 'SF36', '0.000'),
('IN-HMPIVAN', 'H/M PIVANO', 'No', '0.00', '10.00000', 'Especial', '0.00000', 'Dolares', '0.00', 45, 'SF36', '0.000'),
('IN-HMMANDE', 'H/M MANDELLI', 'No', '0.00', '0.00000', 'Especial', '0.00000', 'Dolares', '0.00', 45, 'SF36', '0.000'),
('IN-HMKBA', 'H/M KBA', 'No', '0.00', '40.00000', 'Especial', '0.00000', 'Dolares', '0.00', 45, 'SF36', '0.000'),
('IN-HMKALLE', 'H/M KALLE INSOLADORA', 'No', '0.00', '0.00000', 'Especial', '0.00000', 'Dolares', '0.00', 45, 'SF36', '0.000'),
('IN-HMINVBA', 'H/M INVICTA BARNIZ33', 'No', '0.00', '20.00000', 'Especial', '0.00000', 'Dolares', '0.00', 45, 'SF36', '0.000'),
('IN-HMINV38', 'H/M INVICTA38', 'No', '0.00', '20.00000', 'Especial', '0.00000', 'Dolares', '0.00', 45, 'SF36', '0.000'),
('IN-HMINV33', 'H/M INVICTA33', 'No', '0.00', '20.00000', 'Especial', '0.00000', 'Dolares', '0.00', 45, 'SF36', '0.000'),
('IN-HMGTO52', 'H/M GTO52', 'No', '0.00', '40.00000', 'Especial', '0.00000', 'Dolares', '0.00', 45, 'SF36', '0.000'),
('IN-HMGTO46', 'H/M GTO46', 'No', '0.00', '10.00000', 'Especial', '0.00000', 'Dolares', '0.00', 45, 'SF36', '0.000'),
('IN-HMDOBLA', 'H/M DOBLADORA BONELLY', 'No', '0.00', '10.00000', 'Especial', '0.00000', 'Dolares', '0.00', 45, 'SF36', '0.000'),
('IN-HMATENA', 'H/M ATENAS', 'No', '0.00', '10.00000', 'Especial', '0.00000', 'Dolares', '0.00', 45, 'SF36', '0.000'),
('IN-HMADAST', 'H/M ADAST DOMINANT', 'No', '0.00', '25.00000', 'Especial', '0.00000', 'Dolares', '0.00', 45, 'SF36', '0.000'),
('IN-CINEX56', 'TARJETA FAX MODEM ZOLTRIC 56K INTERNO', 'No', '0.00', '69.00000', 'Modificable', '0.00000', 'Dolares', '0.00', 45, 'SF22', '0.000'),
('IN-BARNIZ', 'SERVICIO BARNIZ', 'No', '0.00', '0.00000', 'Especial', '0.00000', 'Dolares', '0.00', 45, 'SF36', '0.000'),
('IN-ALQUILE', 'ALQUILERES', 'No', '0.00', '0.00000', 'Especial', '0.00000', 'Soles', '0.00', 45, 'SF36', '0.000'),
('IMZ350-AD', 'IMPRESORAS LASER TEKTRONIX PHASER 350 24MB ETHERNE', 'No', '0.00', '20688.32000', 'Modificable', '0.00000', 'Soles', '0.00', 45, 'SF27', '0.000'),
('IM-RAIN ', 'IMPRESION DE SUBLIMACION STANDARD RAINBOW', 'No', '0.00', '25.00000', 'Fijo', '0.00000', 'Dolares', '0.00', 45, 'SF12', '0.000'),
('IM-PLBANVI', 'PLOTTER EN PAPEL BANNER VINYL', 'No', '0.00', '47.10000', 'Modificable', '1.00000', 'Dolares', '0.00', 45, 'SF9', '28.800'),
('IM-PLA3 ', 'IMPRESION EN PAPEL MATE 360 A3', 'No', '0.00', '8.00000', 'Fijo', '0.00000', 'Dolares', '0.00', 45, 'SF9', '0.000'),
('IM-PL06 ', 'PLOTTER VISTA LITE', 'Si', '90.00', '63.53000', 'Fijo', '2.11000', 'Soles', '0.00', 45, 'SF9', '0.000'),
('IM-PL05 ', 'PLOTTER TRANSLITE', 'Si', '90.00', '78.00000', 'Fijo', '2.60000', 'Soles', '0.00', 45, 'SF9', '0.000'),
('IM-PL04 ', 'PLOTTER SATIN LOW/GLASS/VISTA BOND', 'Si', '90.00', '47.64000', 'Fijo', '1.59000', 'Soles', '0.00', 45, 'SF9', '0.000'),
('IM-PL03 ', 'PLOTTER MATE: STANDAR/VISTA/GLOSS', 'Si', '90.00', '54.00000', 'Fijo', '1.80000', 'Soles', '0.00', 45, 'SF9', '0.000'),
('IM-PL02 ', 'PLOTTER GLOSS/VISTA SHEEN/CLEAR FILM', 'Si', '90.00', '51.62000', 'Fijo', '1.72000', 'Soles', '0.00', 45, 'SF9', '0.000'),
('IM-PL01 ', 'PLOTTER EN PAPEL SEMI-MATE', 'Si', '90.00', '49.24000', 'Fijo', '1.64000', 'Soles', '0.00', 45, 'SF9', '0.000'),
('IM-LAA4 ', 'IMPRESION LASER STYLUS A-4', 'No', '0.00', '3.00000', 'Fijo', '0.00000', 'Soles', '0.00', 45, 'SF11', '0.000'),
('IM-LAA3 ', 'IMPRESION LASER STYLUS A-3', 'No', '0.00', '24.00000', 'Fijo', '0.00000', 'Soles', '0.00', 45, 'SF11', '0.000'),
('IM-FOAM ', 'PEGADO SOBRE FOAM', 'No', '0.00', '0.00000', 'Modificable', '0.00000', 'Dolares', '0.00', 45, 'SF9', '0.000'),
('IM-CRAI ', 'COPIA DE IMPRESION DE SUB. ST A-3 RAINBOW', 'No', '0.00', '17.50000', 'Fijo', '0.00000', 'Dolares', '0.00', 45, 'SF12', '0.000'),
('IM-CP06 ', 'COPIA PLOTTER VISTA LITE', 'Si', '90.00', '44.47000', 'Fijo', '1.47700', 'Soles', '0.00', 45, 'SF9', '0.000'),
('IM-CP05 ', 'COPIA PLOTTER TRANSLITE', 'Si', '90.00', '54.60000', 'Fijo', '1.82000', 'Soles', '0.00', 45, 'SF9', '0.000'),
('IM-CP04 ', 'COPIA PLOTTER SATIN LOW/GLASS/VISTA BOND', 'Si', '90.00', '33.35000', 'Fijo', '1.11300', 'Soles', '0.00', 45, 'SF9', '0.000'),
('IM-CP03 ', 'COPIA PLOTTER MATE: VISTA/STANDAR/GLOSS', 'Si', '90.00', '37.80000', 'Fijo', '1.26000', 'Soles', '0.00', 45, 'SF9', '0.000'),
('IM-CP02 ', 'COPIA PLOTTER GLOSS/VISTA SHEEN/CLEAR FILM', 'Si', '90.00', '36.13000', 'Fijo', '1.20400', 'Soles', '0.00', 45, 'SF9', '0.000'),
('IM-CP01 ', 'COPIA PLOTTER EN PAPEL SEMI-MATE', 'Si', '90.00', '34.47000', 'Fijo', '1.14800', 'Soles', '0.00', 45, 'SF9', '0.000'),
('IM-COA4 ', 'COPIA A COLOR A4', 'No', '0.00', '2.97000', 'Fijo', '0.00000', 'Soles', '0.00', 45, 'SF11', '0.000'),
('IM-CLA4 ', 'COPIA DE IMPRESION LASER STYLUS A-4', 'No', '0.00', '8.40000', 'Fijo', '0.00000', 'Soles', '0.00', 45, 'SF11', '0.000'),
('IM-CLA3 ', 'COPIA DE IMPRESION LASER STYLUS A-3', 'No', '0.00', '16.80000', 'Fijo', '0.00000', 'Soles', '0.00', 45, 'SF11', '0.000'),
('IM-CHRO ', 'IMPRESION DE SUBLIMACION STANDARD CHROMAX', 'No', '0.00', '70.00000', 'Fijo', '0.00000', 'Soles', '0.00', 45, 'SF10', '0.000'),
('IM-CCHR ', 'COPIA IMP. DE SUBLIMACION STANDARD CHROMAX', 'No', '0.00', '35.00000', 'Fijo', '0.00000', 'Soles', '0.00', 45, 'SF10', '0.000'),
('IM-BN06 ', 'IMPRESION CANSON 600 DPI A-4', 'No', '0.00', '5.00000', 'Fijo', '0.00000', 'Soles', '0.00', 45, 'SF8', '0.000'),
('IM-BN05 ', 'IMPRESION CANSON 1200 DPI A-4', 'No', '0.00', '6.00000', 'Fijo', '0.00000', 'Soles', '0.00', 45, 'SF8', '0.000'),
('IM-BN04 ', 'IMPRESION CANSON 1200 DPI A-3', 'No', '0.00', '10.00000', 'Fijo', '0.00000', 'Soles', '0.00', 45, 'SF8', '0.000'),
('IM-BN03 ', 'IMPRESION BOND B/N 600 DPI A-4', 'No', '0.00', '1.35000', 'Fijo', '0.00000', 'Soles', '0.00', 45, 'SF7', '0.000'),
('IM-BN02 ', 'IMPRESION BOND B/N 1200 DPI A-4', 'No', '0.00', '5.00000', 'Fijo', '0.00000', 'Soles', '0.00', 45, 'SF7', '0.000'),
('IM-BN01 ', 'IMPRESION BOND B/N 1200 DPI A-3', 'No', '0.00', '8.00000', 'Fijo', '0.00000', 'Soles', '0.00', 45, 'SF7', '0.000'),
('GEREN-SOL', 'AGENDAS GERENCIAL', 'No', '0.00', '0.00000', 'Especial', '0.00000', 'Soles', '0.00', 45, 'SF36', '0.000'),
('EJECU-SOL', 'AGENDAS EJECUTIVA', 'No', '0.00', '0.00000', 'Especial', '0.00000', 'Soles', '0.00', 45, 'SF36', '0.000'),
('DP-OFFSET2', 'P/M DE IMPRESION DE 494 UN. A FULL COLOR', 'Si', '0.00', '80.00000', 'Fijo', '0.00000', 'Dolares', '0.00', 45, 'SF6', '0.000'),
('DP-OFFSET.', '1 PUNZONADORA DE PLANCHAS, 4 MORDAZAS Y 2 REGLETAS', 'No', '0.00', '50.00000', 'Fijo', '0.00000', 'Dolares', '0.00', 45, 'SF6', '0.000'),
('DELUXE-SOL', 'AGENDAS DELUXE', 'No', '0.00', '0.00000', 'Especial', '0.00000', 'Soles', '0.00', 45, 'SF36', '0.000'),
('CV-EXTERIO', 'SERVICIOS PRESTADOS AL EXTERIOR', 'Si', '0.00', '0.00000', 'Especial', '0.00000', 'Dolares', '0.00', 45, 'SF36', '0.000'),
('CPWG3-AD', 'COMPUTADORAS PW MAC G-3 233MHZ/ 32/4GB/24X/ APPLE', 'No', '0.00', '7829.00000', 'Modificable', '0.00000', 'Soles', '0.00', 45, 'SF31', '0.000'),
('COMI-BOLSA', 'COMISION DE LA BOLSAGRAFICA.NET', 'No', '0.00', '200.00000', 'Modificable', '0.00000', 'Dolares', '0.00', 45, 'SF15', '0.000'),
('BOLSI-SOL', 'AGENDAS BOLSILLO', 'No', '0.00', '0.00000', 'Especial', '0.00000', 'Soles', '0.00', 45, 'SF36', '0.000'),
('BANM-AD', 'BANDEJA DE MANTENIMIENTO-MAINTENANCE TRAY 10,000P', 'No', '0.00', '330.00000', 'Modificable', '0.00000', 'Dolares', '0.00', 45, 'SF34', '0.000'),
('BA-INAFEC', 'BASE INAFECTA', 'No', '0.00', '0.00000', 'Especial', '0.00000', 'Dolares', '0.00', 45, 'SF36', '0.000');